track_id,path,label
blues/blues.00096,/Users/samuelturner/Documents/mert-music-retrieval/data/raw/gtzan/blues/blues.00096.wav,blues
blues/blues.00065,/Users/samuelturner/Documents/mert-music-retrieval/data/raw/gtzan/blues/blues.00065.wav,blues
classical/classical.00081,/Users/samuelturner/Documents/mert-music-retrieval/data/raw/gtzan/classical/classical.00081.wav,classical
country/country.00074,/Users/samuelturner/Documents/mert-music-retrieval/data/raw/gtzan/country/country.00074.wav,country
rock/rock.00051,/Users/samuelturner/Documents/mert-music-retrieval/data/raw/gtzan/rock/rock.00051.wav,rock
pop/pop.00047,/Users/samuelturner/Documents/mert-music-retrieval/data/raw/gtzan/pop/pop.00047.wav,pop
reggae/reggae.00080,/Users/samuelturner/Documents/mert-music-retrieval/data/raw/gtzan/reggae/reggae.00080.wav,reggae
hiphop/hiphop.00047,/Users/samuelturner/Documents/mert-music-retrieval/data/raw/gtzan/hiphop/hiphop.00047.wav,hiphop
jazz/jazz.00061,/Users/samuelturner/Documents/mert-music-retrieval/data/raw/gtzan/jazz/jazz.00061.wav,jazz
country/country.00072,/Users/samuelturner/Documents/mert-music-retrieval/data/raw/gtzan/country/country.00072.wav,country
reggae/reggae.00003,/Users/samuelturner/Documents/mert-music-retrieval/data/raw/gtzan/reggae/reggae.00003.wav,reggae
pop/pop.00058,/Users/samuelturner/Documents/mert-music-retrieval/data/raw/gtzan/pop/pop.00058.wav,pop
country/country.00036,/Users/samuelturner/Documents/mert-music-retrieval/data/raw/gtzan/country/country.00036.wav,country
metal/metal.00077,/Users/samuelturner/Documents/mert-music-retrieval/data/raw/gtzan/metal/metal.00077.wav,metal
classical/classical.00012,/Users/samuelturner/Documents/mert-music-retrieval/data/raw/gtzan/classical/classical.00012.wav,classical
hiphop/hiphop.00088,/Users/samuelturner/Documents/mert-music-retrieval/data/raw/gtzan/hiphop/hiphop.00088.wav,hiphop
pop/pop.00078,/Users/samuelturner/Documents/mert-music-retrieval/data/raw/gtzan/pop/pop.00078.wav,pop
rock/rock.00099,/Users/samuelturner/Documents/mert-music-retrieval/data/raw/gtzan/rock/rock.00099.wav,rock
rock/rock.00094,/Users/samuelturner/Documents/mert-music-retrieval/data/raw/gtzan/rock/rock.00094.wav,rock
reggae/reggae.00030,/Users/samuelturner/Documents/mert-music-retrieval/data/raw/gtzan/reggae/reggae.00030.wav,reggae
rock/rock.00077,/Users/samuelturner/Documents/mert-music-retrieval/data/raw/gtzan/rock/rock.00077.wav,rock
blues/blues.00059,/Users/samuelturner/Documents/mert-music-retrieval/data/raw/gtzan/blues/blues.00059.wav,blues
pop/pop.00000,/Users/samuelturner/Documents/mert-music-retrieval/data/raw/gtzan/pop/pop.00000.wav,pop
reggae/reggae.00098,/Users/samuelturner/Documents/mert-music-retrieval/data/raw/gtzan/reggae/reggae.00098.wav,reggae
classical/classical.00030,/Users/samuelturner/Documents/mert-music-retrieval/data/raw/gtzan/classical/classical.00030.wav,classical
metal/metal.00098,/Users/samuelturner/Documents/mert-music-retrieval/data/raw/gtzan/metal/metal.00098.wav,metal
metal/metal.00009,/Users/samuelturner/Documents/mert-music-retrieval/data/raw/gtzan/metal/metal.00009.wav,metal
country/country.00024,/Users/samuelturner/Documents/mert-music-retrieval/data/raw/gtzan/country/country.00024.wav,country
reggae/reggae.00036,/Users/samuelturner/Documents/mert-music-retrieval/data/raw/gtzan/reggae/reggae.00036.wav,reggae
disco/disco.00089,/Users/samuelturner/Documents/mert-music-retrieval/data/raw/gtzan/disco/disco.00089.wav,disco
classical/classical.00039,/Users/samuelturner/Documents/mert-music-retrieval/data/raw/gtzan/classical/classical.00039.wav,classical
pop/pop.00035,/Users/samuelturner/Documents/mert-music-retrieval/data/raw/gtzan/pop/pop.00035.wav,pop
classical/classical.00031,/Users/samuelturner/Documents/mert-music-retrieval/data/raw/gtzan/classical/classical.00031.wav,classical
disco/disco.00033,/Users/samuelturner/Documents/mert-music-retrieval/data/raw/gtzan/disco/disco.00033.wav,disco
metal/metal.00005,/Users/samuelturner/Documents/mert-music-retrieval/data/raw/gtzan/metal/metal.00005.wav,metal
metal/metal.00040,/Users/samuelturner/Documents/mert-music-retrieval/data/raw/gtzan/metal/metal.00040.wav,metal
jazz/jazz.00066,/Users/samuelturner/Documents/mert-music-retrieval/data/raw/gtzan/jazz/jazz.00066.wav,jazz
pop/pop.00096,/Users/samuelturner/Documents/mert-music-retrieval/data/raw/gtzan/pop/pop.00096.wav,pop
classical/classical.00056,/Users/samuelturner/Documents/mert-music-retrieval/data/raw/gtzan/classical/classical.00056.wav,classical
reggae/reggae.00076,/Users/samuelturner/Documents/mert-music-retrieval/data/raw/gtzan/reggae/reggae.00076.wav,reggae
disco/disco.00066,/Users/samuelturner/Documents/mert-music-retrieval/data/raw/gtzan/disco/disco.00066.wav,disco
rock/rock.00085,/Users/samuelturner/Documents/mert-music-retrieval/data/raw/gtzan/rock/rock.00085.wav,rock
classical/classical.00055,/Users/samuelturner/Documents/mert-music-retrieval/data/raw/gtzan/classical/classical.00055.wav,classical
pop/pop.00045,/Users/samuelturner/Documents/mert-music-retrieval/data/raw/gtzan/pop/pop.00045.wav,pop
reggae/reggae.00054,/Users/samuelturner/Documents/mert-music-retrieval/data/raw/gtzan/reggae/reggae.00054.wav,reggae
jazz/jazz.00073,/Users/samuelturner/Documents/mert-music-retrieval/data/raw/gtzan/jazz/jazz.00073.wav,jazz
reggae/reggae.00015,/Users/samuelturner/Documents/mert-music-retrieval/data/raw/gtzan/reggae/reggae.00015.wav,reggae
disco/disco.00000,/Users/samuelturner/Documents/mert-music-retrieval/data/raw/gtzan/disco/disco.00000.wav,disco
blues/blues.00037,/Users/samuelturner/Documents/mert-music-retrieval/data/raw/gtzan/blues/blues.00037.wav,blues
disco/disco.00015,/Users/samuelturner/Documents/mert-music-retrieval/data/raw/gtzan/disco/disco.00015.wav,disco
jazz/jazz.00038,/Users/samuelturner/Documents/mert-music-retrieval/data/raw/gtzan/jazz/jazz.00038.wav,jazz
hiphop/hiphop.00057,/Users/samuelturner/Documents/mert-music-retrieval/data/raw/gtzan/hiphop/hiphop.00057.wav,hiphop
rock/rock.00037,/Users/samuelturner/Documents/mert-music-retrieval/data/raw/gtzan/rock/rock.00037.wav,rock
disco/disco.00080,/Users/samuelturner/Documents/mert-music-retrieval/data/raw/gtzan/disco/disco.00080.wav,disco
blues/blues.00093,/Users/samuelturner/Documents/mert-music-retrieval/data/raw/gtzan/blues/blues.00093.wav,blues
classical/classical.00019,/Users/samuelturner/Documents/mert-music-retrieval/data/raw/gtzan/classical/classical.00019.wav,classical
blues/blues.00024,/Users/samuelturner/Documents/mert-music-retrieval/data/raw/gtzan/blues/blues.00024.wav,blues
disco/disco.00028,/Users/samuelturner/Documents/mert-music-retrieval/data/raw/gtzan/disco/disco.00028.wav,disco
blues/blues.00086,/Users/samuelturner/Documents/mert-music-retrieval/data/raw/gtzan/blues/blues.00086.wav,blues
blues/blues.00089,/Users/samuelturner/Documents/mert-music-retrieval/data/raw/gtzan/blues/blues.00089.wav,blues
hiphop/hiphop.00005,/Users/samuelturner/Documents/mert-music-retrieval/data/raw/gtzan/hiphop/hiphop.00005.wav,hiphop
hiphop/hiphop.00099,/Users/samuelturner/Documents/mert-music-retrieval/data/raw/gtzan/hiphop/hiphop.00099.wav,hiphop
hiphop/hiphop.00039,/Users/samuelturner/Documents/mert-music-retrieval/data/raw/gtzan/hiphop/hiphop.00039.wav,hiphop
reggae/reggae.00004,/Users/samuelturner/Documents/mert-music-retrieval/data/raw/gtzan/reggae/reggae.00004.wav,reggae
metal/metal.00019,/Users/samuelturner/Documents/mert-music-retrieval/data/raw/gtzan/metal/metal.00019.wav,metal
blues/blues.00055,/Users/samuelturner/Documents/mert-music-retrieval/data/raw/gtzan/blues/blues.00055.wav,blues
country/country.00003,/Users/samuelturner/Documents/mert-music-retrieval/data/raw/gtzan/country/country.00003.wav,country
hiphop/hiphop.00091,/Users/samuelturner/Documents/mert-music-retrieval/data/raw/gtzan/hiphop/hiphop.00091.wav,hiphop
metal/metal.00036,/Users/samuelturner/Documents/mert-music-retrieval/data/raw/gtzan/metal/metal.00036.wav,metal
rock/rock.00027,/Users/samuelturner/Documents/mert-music-retrieval/data/raw/gtzan/rock/rock.00027.wav,rock
reggae/reggae.00069,/Users/samuelturner/Documents/mert-music-retrieval/data/raw/gtzan/reggae/reggae.00069.wav,reggae
pop/pop.00023,/Users/samuelturner/Documents/mert-music-retrieval/data/raw/gtzan/pop/pop.00023.wav,pop
jazz/jazz.00097,/Users/samuelturner/Documents/mert-music-retrieval/data/raw/gtzan/jazz/jazz.00097.wav,jazz
country/country.00048,/Users/samuelturner/Documents/mert-music-retrieval/data/raw/gtzan/country/country.00048.wav,country
hiphop/hiphop.00010,/Users/samuelturner/Documents/mert-music-retrieval/data/raw/gtzan/hiphop/hiphop.00010.wav,hiphop
hiphop/hiphop.00092,/Users/samuelturner/Documents/mert-music-retrieval/data/raw/gtzan/hiphop/hiphop.00092.wav,hiphop
pop/pop.00016,/Users/samuelturner/Documents/mert-music-retrieval/data/raw/gtzan/pop/pop.00016.wav,pop
pop/pop.00098,/Users/samuelturner/Documents/mert-music-retrieval/data/raw/gtzan/pop/pop.00098.wav,pop
jazz/jazz.00010,/Users/samuelturner/Documents/mert-music-retrieval/data/raw/gtzan/jazz/jazz.00010.wav,jazz
hiphop/hiphop.00059,/Users/samuelturner/Documents/mert-music-retrieval/data/raw/gtzan/hiphop/hiphop.00059.wav,hiphop
disco/disco.00007,/Users/samuelturner/Documents/mert-music-retrieval/data/raw/gtzan/disco/disco.00007.wav,disco
reggae/reggae.00072,/Users/samuelturner/Documents/mert-music-retrieval/data/raw/gtzan/reggae/reggae.00072.wav,reggae
blues/blues.00084,/Users/samuelturner/Documents/mert-music-retrieval/data/raw/gtzan/blues/blues.00084.wav,blues
metal/metal.00015,/Users/samuelturner/Documents/mert-music-retrieval/data/raw/gtzan/metal/metal.00015.wav,metal
blues/blues.00075,/Users/samuelturner/Documents/mert-music-retrieval/data/raw/gtzan/blues/blues.00075.wav,blues
reggae/reggae.00013,/Users/samuelturner/Documents/mert-music-retrieval/data/raw/gtzan/reggae/reggae.00013.wav,reggae
disco/disco.00016,/Users/samuelturner/Documents/mert-music-retrieval/data/raw/gtzan/disco/disco.00016.wav,disco
metal/metal.00051,/Users/samuelturner/Documents/mert-music-retrieval/data/raw/gtzan/metal/metal.00051.wav,metal
metal/metal.00013,/Users/samuelturner/Documents/mert-music-retrieval/data/raw/gtzan/metal/metal.00013.wav,metal
disco/disco.00046,/Users/samuelturner/Documents/mert-music-retrieval/data/raw/gtzan/disco/disco.00046.wav,disco
hiphop/hiphop.00023,/Users/samuelturner/Documents/mert-music-retrieval/data/raw/gtzan/hiphop/hiphop.00023.wav,hiphop
classical/classical.00005,/Users/samuelturner/Documents/mert-music-retrieval/data/raw/gtzan/classical/classical.00005.wav,classical
hiphop/hiphop.00073,/Users/samuelturner/Documents/mert-music-retrieval/data/raw/gtzan/hiphop/hiphop.00073.wav,hiphop
reggae/reggae.00045,/Users/samuelturner/Documents/mert-music-retrieval/data/raw/gtzan/reggae/reggae.00045.wav,reggae
pop/pop.00057,/Users/samuelturner/Documents/mert-music-retrieval/data/raw/gtzan/pop/pop.00057.wav,pop
classical/classical.00063,/Users/samuelturner/Documents/mert-music-retrieval/data/raw/gtzan/classical/classical.00063.wav,classical
reggae/reggae.00050,/Users/samuelturner/Documents/mert-music-retrieval/data/raw/gtzan/reggae/reggae.00050.wav,reggae
jazz/jazz.00065,/Users/samuelturner/Documents/mert-music-retrieval/data/raw/gtzan/jazz/jazz.00065.wav,jazz
rock/rock.00041,/Users/samuelturner/Documents/mert-music-retrieval/data/raw/gtzan/rock/rock.00041.wav,rock
blues/blues.00063,/Users/samuelturner/Documents/mert-music-retrieval/data/raw/gtzan/blues/blues.00063.wav,blues
jazz/jazz.00021,/Users/samuelturner/Documents/mert-music-retrieval/data/raw/gtzan/jazz/jazz.00021.wav,jazz
reggae/reggae.00051,/Users/samuelturner/Documents/mert-music-retrieval/data/raw/gtzan/reggae/reggae.00051.wav,reggae
blues/blues.00095,/Users/samuelturner/Documents/mert-music-retrieval/data/raw/gtzan/blues/blues.00095.wav,blues
disco/disco.00088,/Users/samuelturner/Documents/mert-music-retrieval/data/raw/gtzan/disco/disco.00088.wav,disco
classical/classical.00066,/Users/samuelturner/Documents/mert-music-retrieval/data/raw/gtzan/classical/classical.00066.wav,classical
hiphop/hiphop.00062,/Users/samuelturner/Documents/mert-music-retrieval/data/raw/gtzan/hiphop/hiphop.00062.wav,hiphop
reggae/reggae.00063,/Users/samuelturner/Documents/mert-music-retrieval/data/raw/gtzan/reggae/reggae.00063.wav,reggae
rock/rock.00009,/Users/samuelturner/Documents/mert-music-retrieval/data/raw/gtzan/rock/rock.00009.wav,rock
classical/classical.00080,/Users/samuelturner/Documents/mert-music-retrieval/data/raw/gtzan/classical/classical.00080.wav,classical
classical/classical.00015,/Users/samuelturner/Documents/mert-music-retrieval/data/raw/gtzan/classical/classical.00015.wav,classical
country/country.00066,/Users/samuelturner/Documents/mert-music-retrieval/data/raw/gtzan/country/country.00066.wav,country
hiphop/hiphop.00056,/Users/samuelturner/Documents/mert-music-retrieval/data/raw/gtzan/hiphop/hiphop.00056.wav,hiphop
hiphop/hiphop.00095,/Users/samuelturner/Documents/mert-music-retrieval/data/raw/gtzan/hiphop/hiphop.00095.wav,hiphop
country/country.00034,/Users/samuelturner/Documents/mert-music-retrieval/data/raw/gtzan/country/country.00034.wav,country
jazz/jazz.00089,/Users/samuelturner/Documents/mert-music-retrieval/data/raw/gtzan/jazz/jazz.00089.wav,jazz
blues/blues.00027,/Users/samuelturner/Documents/mert-music-retrieval/data/raw/gtzan/blues/blues.00027.wav,blues
hiphop/hiphop.00093,/Users/samuelturner/Documents/mert-music-retrieval/data/raw/gtzan/hiphop/hiphop.00093.wav,hiphop
reggae/reggae.00042,/Users/samuelturner/Documents/mert-music-retrieval/data/raw/gtzan/reggae/reggae.00042.wav,reggae
country/country.00030,/Users/samuelturner/Documents/mert-music-retrieval/data/raw/gtzan/country/country.00030.wav,country
disco/disco.00074,/Users/samuelturner/Documents/mert-music-retrieval/data/raw/gtzan/disco/disco.00074.wav,disco
jazz/jazz.00022,/Users/samuelturner/Documents/mert-music-retrieval/data/raw/gtzan/jazz/jazz.00022.wav,jazz
pop/pop.00060,/Users/samuelturner/Documents/mert-music-retrieval/data/raw/gtzan/pop/pop.00060.wav,pop
blues/blues.00092,/Users/samuelturner/Documents/mert-music-retrieval/data/raw/gtzan/blues/blues.00092.wav,blues
disco/disco.00003,/Users/samuelturner/Documents/mert-music-retrieval/data/raw/gtzan/disco/disco.00003.wav,disco
classical/classical.00064,/Users/samuelturner/Documents/mert-music-retrieval/data/raw/gtzan/classical/classical.00064.wav,classical
country/country.00087,/Users/samuelturner/Documents/mert-music-retrieval/data/raw/gtzan/country/country.00087.wav,country
jazz/jazz.00083,/Users/samuelturner/Documents/mert-music-retrieval/data/raw/gtzan/jazz/jazz.00083.wav,jazz
blues/blues.00014,/Users/samuelturner/Documents/mert-music-retrieval/data/raw/gtzan/blues/blues.00014.wav,blues
jazz/jazz.00086,/Users/samuelturner/Documents/mert-music-retrieval/data/raw/gtzan/jazz/jazz.00086.wav,jazz
reggae/reggae.00039,/Users/samuelturner/Documents/mert-music-retrieval/data/raw/gtzan/reggae/reggae.00039.wav,reggae
jazz/jazz.00013,/Users/samuelturner/Documents/mert-music-retrieval/data/raw/gtzan/jazz/jazz.00013.wav,jazz
hiphop/hiphop.00022,/Users/samuelturner/Documents/mert-music-retrieval/data/raw/gtzan/hiphop/hiphop.00022.wav,hiphop
hiphop/hiphop.00036,/Users/samuelturner/Documents/mert-music-retrieval/data/raw/gtzan/hiphop/hiphop.00036.wav,hiphop
country/country.00026,/Users/samuelturner/Documents/mert-music-retrieval/data/raw/gtzan/country/country.00026.wav,country
disco/disco.00087,/Users/samuelturner/Documents/mert-music-retrieval/data/raw/gtzan/disco/disco.00087.wav,disco
blues/blues.00081,/Users/samuelturner/Documents/mert-music-retrieval/data/raw/gtzan/blues/blues.00081.wav,blues
rock/rock.00079,/Users/samuelturner/Documents/mert-music-retrieval/data/raw/gtzan/rock/rock.00079.wav,rock
country/country.00038,/Users/samuelturner/Documents/mert-music-retrieval/data/raw/gtzan/country/country.00038.wav,country
rock/rock.00040,/Users/samuelturner/Documents/mert-music-retrieval/data/raw/gtzan/rock/rock.00040.wav,rock
hiphop/hiphop.00029,/Users/samuelturner/Documents/mert-music-retrieval/data/raw/gtzan/hiphop/hiphop.00029.wav,hiphop
country/country.00094,/Users/samuelturner/Documents/mert-music-retrieval/data/raw/gtzan/country/country.00094.wav,country
country/country.00006,/Users/samuelturner/Documents/mert-music-retrieval/data/raw/gtzan/country/country.00006.wav,country
metal/metal.00095,/Users/samuelturner/Documents/mert-music-retrieval/data/raw/gtzan/metal/metal.00095.wav,metal
pop/pop.00004,/Users/samuelturner/Documents/mert-music-retrieval/data/raw/gtzan/pop/pop.00004.wav,pop
country/country.00041,/Users/samuelturner/Documents/mert-music-retrieval/data/raw/gtzan/country/country.00041.wav,country
reggae/reggae.00016,/Users/samuelturner/Documents/mert-music-retrieval/data/raw/gtzan/reggae/reggae.00016.wav,reggae
classical/classical.00045,/Users/samuelturner/Documents/mert-music-retrieval/data/raw/gtzan/classical/classical.00045.wav,classical
pop/pop.00028,/Users/samuelturner/Documents/mert-music-retrieval/data/raw/gtzan/pop/pop.00028.wav,pop
rock/rock.00069,/Users/samuelturner/Documents/mert-music-retrieval/data/raw/gtzan/rock/rock.00069.wav,rock
country/country.00032,/Users/samuelturner/Documents/mert-music-retrieval/data/raw/gtzan/country/country.00032.wav,country
disco/disco.00045,/Users/samuelturner/Documents/mert-music-retrieval/data/raw/gtzan/disco/disco.00045.wav,disco
jazz/jazz.00051,/Users/samuelturner/Documents/mert-music-retrieval/data/raw/gtzan/jazz/jazz.00051.wav,jazz
blues/blues.00028,/Users/samuelturner/Documents/mert-music-retrieval/data/raw/gtzan/blues/blues.00028.wav,blues
hiphop/hiphop.00020,/Users/samuelturner/Documents/mert-music-retrieval/data/raw/gtzan/hiphop/hiphop.00020.wav,hiphop
disco/disco.00012,/Users/samuelturner/Documents/mert-music-retrieval/data/raw/gtzan/disco/disco.00012.wav,disco
reggae/reggae.00079,/Users/samuelturner/Documents/mert-music-retrieval/data/raw/gtzan/reggae/reggae.00079.wav,reggae
metal/metal.00093,/Users/samuelturner/Documents/mert-music-retrieval/data/raw/gtzan/metal/metal.00093.wav,metal
hiphop/hiphop.00024,/Users/samuelturner/Documents/mert-music-retrieval/data/raw/gtzan/hiphop/hiphop.00024.wav,hiphop
country/country.00076,/Users/samuelturner/Documents/mert-music-retrieval/data/raw/gtzan/country/country.00076.wav,country
rock/rock.00061,/Users/samuelturner/Documents/mert-music-retrieval/data/raw/gtzan/rock/rock.00061.wav,rock
country/country.00042,/Users/samuelturner/Documents/mert-music-retrieval/data/raw/gtzan/country/country.00042.wav,country
blues/blues.00073,/Users/samuelturner/Documents/mert-music-retrieval/data/raw/gtzan/blues/blues.00073.wav,blues
rock/rock.00090,/Users/samuelturner/Documents/mert-music-retrieval/data/raw/gtzan/rock/rock.00090.wav,rock
metal/metal.00029,/Users/samuelturner/Documents/mert-music-retrieval/data/raw/gtzan/metal/metal.00029.wav,metal
pop/pop.00099,/Users/samuelturner/Documents/mert-music-retrieval/data/raw/gtzan/pop/pop.00099.wav,pop
country/country.00025,/Users/samuelturner/Documents/mert-music-retrieval/data/raw/gtzan/country/country.00025.wav,country
classical/classical.00033,/Users/samuelturner/Documents/mert-music-retrieval/data/raw/gtzan/classical/classical.00033.wav,classical
classical/classical.00058,/Users/samuelturner/Documents/mert-music-retrieval/data/raw/gtzan/classical/classical.00058.wav,classical
pop/pop.00081,/Users/samuelturner/Documents/mert-music-retrieval/data/raw/gtzan/pop/pop.00081.wav,pop
metal/metal.00034,/Users/samuelturner/Documents/mert-music-retrieval/data/raw/gtzan/metal/metal.00034.wav,metal
disco/disco.00036,/Users/samuelturner/Documents/mert-music-retrieval/data/raw/gtzan/disco/disco.00036.wav,disco
classical/classical.00011,/Users/samuelturner/Documents/mert-music-retrieval/data/raw/gtzan/classical/classical.00011.wav,classical
jazz/jazz.00019,/Users/samuelturner/Documents/mert-music-retrieval/data/raw/gtzan/jazz/jazz.00019.wav,jazz
classical/classical.00051,/Users/samuelturner/Documents/mert-music-retrieval/data/raw/gtzan/classical/classical.00051.wav,classical
blues/blues.00074,/Users/samuelturner/Documents/mert-music-retrieval/data/raw/gtzan/blues/blues.00074.wav,blues
country/country.00019,/Users/samuelturner/Documents/mert-music-retrieval/data/raw/gtzan/country/country.00019.wav,country
disco/disco.00038,/Users/samuelturner/Documents/mert-music-retrieval/data/raw/gtzan/disco/disco.00038.wav,disco
pop/pop.00041,/Users/samuelturner/Documents/mert-music-retrieval/data/raw/gtzan/pop/pop.00041.wav,pop
hiphop/hiphop.00011,/Users/samuelturner/Documents/mert-music-retrieval/data/raw/gtzan/hiphop/hiphop.00011.wav,hiphop
reggae/reggae.00038,/Users/samuelturner/Documents/mert-music-retrieval/data/raw/gtzan/reggae/reggae.00038.wav,reggae
blues/blues.00085,/Users/samuelturner/Documents/mert-music-retrieval/data/raw/gtzan/blues/blues.00085.wav,blues
rock/rock.00035,/Users/samuelturner/Documents/mert-music-retrieval/data/raw/gtzan/rock/rock.00035.wav,rock
rock/rock.00018,/Users/samuelturner/Documents/mert-music-retrieval/data/raw/gtzan/rock/rock.00018.wav,rock
disco/disco.00032,/Users/samuelturner/Documents/mert-music-retrieval/data/raw/gtzan/disco/disco.00032.wav,disco
disco/disco.00084,/Users/samuelturner/Documents/mert-music-retrieval/data/raw/gtzan/disco/disco.00084.wav,disco
reggae/reggae.00066,/Users/samuelturner/Documents/mert-music-retrieval/data/raw/gtzan/reggae/reggae.00066.wav,reggae
country/country.00083,/Users/samuelturner/Documents/mert-music-retrieval/data/raw/gtzan/country/country.00083.wav,country
classical/classical.00073,/Users/samuelturner/Documents/mert-music-retrieval/data/raw/gtzan/classical/classical.00073.wav,classical
metal/metal.00028,/Users/samuelturner/Documents/mert-music-retrieval/data/raw/gtzan/metal/metal.00028.wav,metal
country/country.00090,/Users/samuelturner/Documents/mert-music-retrieval/data/raw/gtzan/country/country.00090.wav,country
metal/metal.00070,/Users/samuelturner/Documents/mert-music-retrieval/data/raw/gtzan/metal/metal.00070.wav,metal
country/country.00092,/Users/samuelturner/Documents/mert-music-retrieval/data/raw/gtzan/country/country.00092.wav,country
hiphop/hiphop.00084,/Users/samuelturner/Documents/mert-music-retrieval/data/raw/gtzan/hiphop/hiphop.00084.wav,hiphop
pop/pop.00051,/Users/samuelturner/Documents/mert-music-retrieval/data/raw/gtzan/pop/pop.00051.wav,pop
jazz/jazz.00015,/Users/samuelturner/Documents/mert-music-retrieval/data/raw/gtzan/jazz/jazz.00015.wav,jazz
hiphop/hiphop.00034,/Users/samuelturner/Documents/mert-music-retrieval/data/raw/gtzan/hiphop/hiphop.00034.wav,hiphop
reggae/reggae.00007,/Users/samuelturner/Documents/mert-music-retrieval/data/raw/gtzan/reggae/reggae.00007.wav,reggae
hiphop/hiphop.00067,/Users/samuelturner/Documents/mert-music-retrieval/data/raw/gtzan/hiphop/hiphop.00067.wav,hiphop
blues/blues.00046,/Users/samuelturner/Documents/mert-music-retrieval/data/raw/gtzan/blues/blues.00046.wav,blues
blues/blues.00049,/Users/samuelturner/Documents/mert-music-retrieval/data/raw/gtzan/blues/blues.00049.wav,blues
metal/metal.00048,/Users/samuelturner/Documents/mert-music-retrieval/data/raw/gtzan/metal/metal.00048.wav,metal
disco/disco.00070,/Users/samuelturner/Documents/mert-music-retrieval/data/raw/gtzan/disco/disco.00070.wav,disco
metal/metal.00060,/Users/samuelturner/Documents/mert-music-retrieval/data/raw/gtzan/metal/metal.00060.wav,metal
reggae/reggae.00049,/Users/samuelturner/Documents/mert-music-retrieval/data/raw/gtzan/reggae/reggae.00049.wav,reggae
pop/pop.00084,/Users/samuelturner/Documents/mert-music-retrieval/data/raw/gtzan/pop/pop.00084.wav,pop
disco/disco.00039,/Users/samuelturner/Documents/mert-music-retrieval/data/raw/gtzan/disco/disco.00039.wav,disco
classical/classical.00079,/Users/samuelturner/Documents/mert-music-retrieval/data/raw/gtzan/classical/classical.00079.wav,classical
metal/metal.00010,/Users/samuelturner/Documents/mert-music-retrieval/data/raw/gtzan/metal/metal.00010.wav,metal
pop/pop.00071,/Users/samuelturner/Documents/mert-music-retrieval/data/raw/gtzan/pop/pop.00071.wav,pop
reggae/reggae.00035,/Users/samuelturner/Documents/mert-music-retrieval/data/raw/gtzan/reggae/reggae.00035.wav,reggae
pop/pop.00065,/Users/samuelturner/Documents/mert-music-retrieval/data/raw/gtzan/pop/pop.00065.wav,pop
jazz/jazz.00087,/Users/samuelturner/Documents/mert-music-retrieval/data/raw/gtzan/jazz/jazz.00087.wav,jazz
classical/classical.00098,/Users/samuelturner/Documents/mert-music-retrieval/data/raw/gtzan/classical/classical.00098.wav,classical
rock/rock.00004,/Users/samuelturner/Documents/mert-music-retrieval/data/raw/gtzan/rock/rock.00004.wav,rock
blues/blues.00011,/Users/samuelturner/Documents/mert-music-retrieval/data/raw/gtzan/blues/blues.00011.wav,blues
classical/classical.00088,/Users/samuelturner/Documents/mert-music-retrieval/data/raw/gtzan/classical/classical.00088.wav,classical
classical/classical.00071,/Users/samuelturner/Documents/mert-music-retrieval/data/raw/gtzan/classical/classical.00071.wav,classical
classical/classical.00077,/Users/samuelturner/Documents/mert-music-retrieval/data/raw/gtzan/classical/classical.00077.wav,classical
blues/blues.00004,/Users/samuelturner/Documents/mert-music-retrieval/data/raw/gtzan/blues/blues.00004.wav,blues
jazz/jazz.00045,/Users/samuelturner/Documents/mert-music-retrieval/data/raw/gtzan/jazz/jazz.00045.wav,jazz
metal/metal.00068,/Users/samuelturner/Documents/mert-music-retrieval/data/raw/gtzan/metal/metal.00068.wav,metal
classical/classical.00027,/Users/samuelturner/Documents/mert-music-retrieval/data/raw/gtzan/classical/classical.00027.wav,classical
hiphop/hiphop.00004,/Users/samuelturner/Documents/mert-music-retrieval/data/raw/gtzan/hiphop/hiphop.00004.wav,hiphop
jazz/jazz.00071,/Users/samuelturner/Documents/mert-music-retrieval/data/raw/gtzan/jazz/jazz.00071.wav,jazz
jazz/jazz.00024,/Users/samuelturner/Documents/mert-music-retrieval/data/raw/gtzan/jazz/jazz.00024.wav,jazz
hiphop/hiphop.00041,/Users/samuelturner/Documents/mert-music-retrieval/data/raw/gtzan/hiphop/hiphop.00041.wav,hiphop
classical/classical.00014,/Users/samuelturner/Documents/mert-music-retrieval/data/raw/gtzan/classical/classical.00014.wav,classical
jazz/jazz.00000,/Users/samuelturner/Documents/mert-music-retrieval/data/raw/gtzan/jazz/jazz.00000.wav,jazz
blues/blues.00076,/Users/samuelturner/Documents/mert-music-retrieval/data/raw/gtzan/blues/blues.00076.wav,blues
rock/rock.00095,/Users/samuelturner/Documents/mert-music-retrieval/data/raw/gtzan/rock/rock.00095.wav,rock
pop/pop.00022,/Users/samuelturner/Documents/mert-music-retrieval/data/raw/gtzan/pop/pop.00022.wav,pop
pop/pop.00007,/Users/samuelturner/Documents/mert-music-retrieval/data/raw/gtzan/pop/pop.00007.wav,pop
pop/pop.00046,/Users/samuelturner/Documents/mert-music-retrieval/data/raw/gtzan/pop/pop.00046.wav,pop
rock/rock.00000,/Users/samuelturner/Documents/mert-music-retrieval/data/raw/gtzan/rock/rock.00000.wav,rock
hiphop/hiphop.00026,/Users/samuelturner/Documents/mert-music-retrieval/data/raw/gtzan/hiphop/hiphop.00026.wav,hiphop
classical/classical.00068,/Users/samuelturner/Documents/mert-music-retrieval/data/raw/gtzan/classical/classical.00068.wav,classical
classical/classical.00038,/Users/samuelturner/Documents/mert-music-retrieval/data/raw/gtzan/classical/classical.00038.wav,classical
pop/pop.00091,/Users/samuelturner/Documents/mert-music-retrieval/data/raw/gtzan/pop/pop.00091.wav,pop
disco/disco.00030,/Users/samuelturner/Documents/mert-music-retrieval/data/raw/gtzan/disco/disco.00030.wav,disco
pop/pop.00013,/Users/samuelturner/Documents/mert-music-retrieval/data/raw/gtzan/pop/pop.00013.wav,pop
rock/rock.00034,/Users/samuelturner/Documents/mert-music-retrieval/data/raw/gtzan/rock/rock.00034.wav,rock
classical/classical.00048,/Users/samuelturner/Documents/mert-music-retrieval/data/raw/gtzan/classical/classical.00048.wav,classical
pop/pop.00011,/Users/samuelturner/Documents/mert-music-retrieval/data/raw/gtzan/pop/pop.00011.wav,pop
reggae/reggae.00061,/Users/samuelturner/Documents/mert-music-retrieval/data/raw/gtzan/reggae/reggae.00061.wav,reggae
country/country.00071,/Users/samuelturner/Documents/mert-music-retrieval/data/raw/gtzan/country/country.00071.wav,country
rock/rock.00091,/Users/samuelturner/Documents/mert-music-retrieval/data/raw/gtzan/rock/rock.00091.wav,rock
classical/classical.00069,/Users/samuelturner/Documents/mert-music-retrieval/data/raw/gtzan/classical/classical.00069.wav,classical
reggae/reggae.00074,/Users/samuelturner/Documents/mert-music-retrieval/data/raw/gtzan/reggae/reggae.00074.wav,reggae
classical/classical.00059,/Users/samuelturner/Documents/mert-music-retrieval/data/raw/gtzan/classical/classical.00059.wav,classical
pop/pop.00030,/Users/samuelturner/Documents/mert-music-retrieval/data/raw/gtzan/pop/pop.00030.wav,pop
reggae/reggae.00099,/Users/samuelturner/Documents/mert-music-retrieval/data/raw/gtzan/reggae/reggae.00099.wav,reggae
country/country.00065,/Users/samuelturner/Documents/mert-music-retrieval/data/raw/gtzan/country/country.00065.wav,country
country/country.00064,/Users/samuelturner/Documents/mert-music-retrieval/data/raw/gtzan/country/country.00064.wav,country
rock/rock.00038,/Users/samuelturner/Documents/mert-music-retrieval/data/raw/gtzan/rock/rock.00038.wav,rock
hiphop/hiphop.00053,/Users/samuelturner/Documents/mert-music-retrieval/data/raw/gtzan/hiphop/hiphop.00053.wav,hiphop
classical/classical.00052,/Users/samuelturner/Documents/mert-music-retrieval/data/raw/gtzan/classical/classical.00052.wav,classical
classical/classical.00057,/Users/samuelturner/Documents/mert-music-retrieval/data/raw/gtzan/classical/classical.00057.wav,classical
blues/blues.00052,/Users/samuelturner/Documents/mert-music-retrieval/data/raw/gtzan/blues/blues.00052.wav,blues
country/country.00004,/Users/samuelturner/Documents/mert-music-retrieval/data/raw/gtzan/country/country.00004.wav,country
classical/classical.00075,/Users/samuelturner/Documents/mert-music-retrieval/data/raw/gtzan/classical/classical.00075.wav,classical
metal/metal.00073,/Users/samuelturner/Documents/mert-music-retrieval/data/raw/gtzan/metal/metal.00073.wav,metal
country/country.00045,/Users/samuelturner/Documents/mert-music-retrieval/data/raw/gtzan/country/country.00045.wav,country
reggae/reggae.00024,/Users/samuelturner/Documents/mert-music-retrieval/data/raw/gtzan/reggae/reggae.00024.wav,reggae
rock/rock.00062,/Users/samuelturner/Documents/mert-music-retrieval/data/raw/gtzan/rock/rock.00062.wav,rock
disco/disco.00063,/Users/samuelturner/Documents/mert-music-retrieval/data/raw/gtzan/disco/disco.00063.wav,disco
metal/metal.00027,/Users/samuelturner/Documents/mert-music-retrieval/data/raw/gtzan/metal/metal.00027.wav,metal
hiphop/hiphop.00061,/Users/samuelturner/Documents/mert-music-retrieval/data/raw/gtzan/hiphop/hiphop.00061.wav,hiphop
blues/blues.00038,/Users/samuelturner/Documents/mert-music-retrieval/data/raw/gtzan/blues/blues.00038.wav,blues
hiphop/hiphop.00076,/Users/samuelturner/Documents/mert-music-retrieval/data/raw/gtzan/hiphop/hiphop.00076.wav,hiphop
blues/blues.00071,/Users/samuelturner/Documents/mert-music-retrieval/data/raw/gtzan/blues/blues.00071.wav,blues
metal/metal.00032,/Users/samuelturner/Documents/mert-music-retrieval/data/raw/gtzan/metal/metal.00032.wav,metal
jazz/jazz.00084,/Users/samuelturner/Documents/mert-music-retrieval/data/raw/gtzan/jazz/jazz.00084.wav,jazz
metal/metal.00037,/Users/samuelturner/Documents/mert-music-retrieval/data/raw/gtzan/metal/metal.00037.wav,metal
jazz/jazz.00088,/Users/samuelturner/Documents/mert-music-retrieval/data/raw/gtzan/jazz/jazz.00088.wav,jazz
country/country.00070,/Users/samuelturner/Documents/mert-music-retrieval/data/raw/gtzan/country/country.00070.wav,country
jazz/jazz.00001,/Users/samuelturner/Documents/mert-music-retrieval/data/raw/gtzan/jazz/jazz.00001.wav,jazz
jazz/jazz.00093,/Users/samuelturner/Documents/mert-music-retrieval/data/raw/gtzan/jazz/jazz.00093.wav,jazz
blues/blues.00044,/Users/samuelturner/Documents/mert-music-retrieval/data/raw/gtzan/blues/blues.00044.wav,blues
blues/blues.00034,/Users/samuelturner/Documents/mert-music-retrieval/data/raw/gtzan/blues/blues.00034.wav,blues
classical/classical.00000,/Users/samuelturner/Documents/mert-music-retrieval/data/raw/gtzan/classical/classical.00000.wav,classical
blues/blues.00006,/Users/samuelturner/Documents/mert-music-retrieval/data/raw/gtzan/blues/blues.00006.wav,blues
classical/classical.00022,/Users/samuelturner/Documents/mert-music-retrieval/data/raw/gtzan/classical/classical.00022.wav,classical
reggae/reggae.00093,/Users/samuelturner/Documents/mert-music-retrieval/data/raw/gtzan/reggae/reggae.00093.wav,reggae
blues/blues.00083,/Users/samuelturner/Documents/mert-music-retrieval/data/raw/gtzan/blues/blues.00083.wav,blues
disco/disco.00060,/Users/samuelturner/Documents/mert-music-retrieval/data/raw/gtzan/disco/disco.00060.wav,disco
hiphop/hiphop.00027,/Users/samuelturner/Documents/mert-music-retrieval/data/raw/gtzan/hiphop/hiphop.00027.wav,hiphop
country/country.00062,/Users/samuelturner/Documents/mert-music-retrieval/data/raw/gtzan/country/country.00062.wav,country
jazz/jazz.00041,/Users/samuelturner/Documents/mert-music-retrieval/data/raw/gtzan/jazz/jazz.00041.wav,jazz
pop/pop.00025,/Users/samuelturner/Documents/mert-music-retrieval/data/raw/gtzan/pop/pop.00025.wav,pop
metal/metal.00066,/Users/samuelturner/Documents/mert-music-retrieval/data/raw/gtzan/metal/metal.00066.wav,metal
blues/blues.00023,/Users/samuelturner/Documents/mert-music-retrieval/data/raw/gtzan/blues/blues.00023.wav,blues
pop/pop.00053,/Users/samuelturner/Documents/mert-music-retrieval/data/raw/gtzan/pop/pop.00053.wav,pop
reggae/reggae.00008,/Users/samuelturner/Documents/mert-music-retrieval/data/raw/gtzan/reggae/reggae.00008.wav,reggae
reggae/reggae.00026,/Users/samuelturner/Documents/mert-music-retrieval/data/raw/gtzan/reggae/reggae.00026.wav,reggae
jazz/jazz.00068,/Users/samuelturner/Documents/mert-music-retrieval/data/raw/gtzan/jazz/jazz.00068.wav,jazz
reggae/reggae.00044,/Users/samuelturner/Documents/mert-music-retrieval/data/raw/gtzan/reggae/reggae.00044.wav,reggae
jazz/jazz.00059,/Users/samuelturner/Documents/mert-music-retrieval/data/raw/gtzan/jazz/jazz.00059.wav,jazz
metal/metal.00035,/Users/samuelturner/Documents/mert-music-retrieval/data/raw/gtzan/metal/metal.00035.wav,metal
pop/pop.00048,/Users/samuelturner/Documents/mert-music-retrieval/data/raw/gtzan/pop/pop.00048.wav,pop
blues/blues.00008,/Users/samuelturner/Documents/mert-music-retrieval/data/raw/gtzan/blues/blues.00008.wav,blues
rock/rock.00083,/Users/samuelturner/Documents/mert-music-retrieval/data/raw/gtzan/rock/rock.00083.wav,rock
classical/classical.00049,/Users/samuelturner/Documents/mert-music-retrieval/data/raw/gtzan/classical/classical.00049.wav,classical
rock/rock.00074,/Users/samuelturner/Documents/mert-music-retrieval/data/raw/gtzan/rock/rock.00074.wav,rock
metal/metal.00008,/Users/samuelturner/Documents/mert-music-retrieval/data/raw/gtzan/metal/metal.00008.wav,metal
metal/metal.00018,/Users/samuelturner/Documents/mert-music-retrieval/data/raw/gtzan/metal/metal.00018.wav,metal
hiphop/hiphop.00031,/Users/samuelturner/Documents/mert-music-retrieval/data/raw/gtzan/hiphop/hiphop.00031.wav,hiphop
disco/disco.00008,/Users/samuelturner/Documents/mert-music-retrieval/data/raw/gtzan/disco/disco.00008.wav,disco
hiphop/hiphop.00049,/Users/samuelturner/Documents/mert-music-retrieval/data/raw/gtzan/hiphop/hiphop.00049.wav,hiphop
disco/disco.00078,/Users/samuelturner/Documents/mert-music-retrieval/data/raw/gtzan/disco/disco.00078.wav,disco
reggae/reggae.00086,/Users/samuelturner/Documents/mert-music-retrieval/data/raw/gtzan/reggae/reggae.00086.wav,reggae
blues/blues.00048,/Users/samuelturner/Documents/mert-music-retrieval/data/raw/gtzan/blues/blues.00048.wav,blues
classical/classical.00060,/Users/samuelturner/Documents/mert-music-retrieval/data/raw/gtzan/classical/classical.00060.wav,classical
disco/disco.00019,/Users/samuelturner/Documents/mert-music-retrieval/data/raw/gtzan/disco/disco.00019.wav,disco
hiphop/hiphop.00038,/Users/samuelturner/Documents/mert-music-retrieval/data/raw/gtzan/hiphop/hiphop.00038.wav,hiphop
country/country.00001,/Users/samuelturner/Documents/mert-music-retrieval/data/raw/gtzan/country/country.00001.wav,country
rock/rock.00054,/Users/samuelturner/Documents/mert-music-retrieval/data/raw/gtzan/rock/rock.00054.wav,rock
rock/rock.00002,/Users/samuelturner/Documents/mert-music-retrieval/data/raw/gtzan/rock/rock.00002.wav,rock
hiphop/hiphop.00051,/Users/samuelturner/Documents/mert-music-retrieval/data/raw/gtzan/hiphop/hiphop.00051.wav,hiphop
disco/disco.00037,/Users/samuelturner/Documents/mert-music-retrieval/data/raw/gtzan/disco/disco.00037.wav,disco
rock/rock.00053,/Users/samuelturner/Documents/mert-music-retrieval/data/raw/gtzan/rock/rock.00053.wav,rock
jazz/jazz.00031,/Users/samuelturner/Documents/mert-music-retrieval/data/raw/gtzan/jazz/jazz.00031.wav,jazz
reggae/reggae.00037,/Users/samuelturner/Documents/mert-music-retrieval/data/raw/gtzan/reggae/reggae.00037.wav,reggae
hiphop/hiphop.00033,/Users/samuelturner/Documents/mert-music-retrieval/data/raw/gtzan/hiphop/hiphop.00033.wav,hiphop
disco/disco.00085,/Users/samuelturner/Documents/mert-music-retrieval/data/raw/gtzan/disco/disco.00085.wav,disco
pop/pop.00044,/Users/samuelturner/Documents/mert-music-retrieval/data/raw/gtzan/pop/pop.00044.wav,pop
jazz/jazz.00064,/Users/samuelturner/Documents/mert-music-retrieval/data/raw/gtzan/jazz/jazz.00064.wav,jazz
disco/disco.00014,/Users/samuelturner/Documents/mert-music-retrieval/data/raw/gtzan/disco/disco.00014.wav,disco
pop/pop.00050,/Users/samuelturner/Documents/mert-music-retrieval/data/raw/gtzan/pop/pop.00050.wav,pop
classical/classical.00061,/Users/samuelturner/Documents/mert-music-retrieval/data/raw/gtzan/classical/classical.00061.wav,classical
rock/rock.00071,/Users/samuelturner/Documents/mert-music-retrieval/data/raw/gtzan/rock/rock.00071.wav,rock
disco/disco.00096,/Users/samuelturner/Documents/mert-music-retrieval/data/raw/gtzan/disco/disco.00096.wav,disco
rock/rock.00097,/Users/samuelturner/Documents/mert-music-retrieval/data/raw/gtzan/rock/rock.00097.wav,rock
rock/rock.00045,/Users/samuelturner/Documents/mert-music-retrieval/data/raw/gtzan/rock/rock.00045.wav,rock
country/country.00037,/Users/samuelturner/Documents/mert-music-retrieval/data/raw/gtzan/country/country.00037.wav,country
jazz/jazz.00079,/Users/samuelturner/Documents/mert-music-retrieval/data/raw/gtzan/jazz/jazz.00079.wav,jazz
metal/metal.00023,/Users/samuelturner/Documents/mert-music-retrieval/data/raw/gtzan/metal/metal.00023.wav,metal
classical/classical.00009,/Users/samuelturner/Documents/mert-music-retrieval/data/raw/gtzan/classical/classical.00009.wav,classical
blues/blues.00091,/Users/samuelturner/Documents/mert-music-retrieval/data/raw/gtzan/blues/blues.00091.wav,blues
hiphop/hiphop.00078,/Users/samuelturner/Documents/mert-music-retrieval/data/raw/gtzan/hiphop/hiphop.00078.wav,hiphop
classical/classical.00044,/Users/samuelturner/Documents/mert-music-retrieval/data/raw/gtzan/classical/classical.00044.wav,classical
reggae/reggae.00071,/Users/samuelturner/Documents/mert-music-retrieval/data/raw/gtzan/reggae/reggae.00071.wav,reggae
jazz/jazz.00057,/Users/samuelturner/Documents/mert-music-retrieval/data/raw/gtzan/jazz/jazz.00057.wav,jazz
classical/classical.00023,/Users/samuelturner/Documents/mert-music-retrieval/data/raw/gtzan/classical/classical.00023.wav,classical
blues/blues.00047,/Users/samuelturner/Documents/mert-music-retrieval/data/raw/gtzan/blues/blues.00047.wav,blues
metal/metal.00055,/Users/samuelturner/Documents/mert-music-retrieval/data/raw/gtzan/metal/metal.00055.wav,metal
hiphop/hiphop.00077,/Users/samuelturner/Documents/mert-music-retrieval/data/raw/gtzan/hiphop/hiphop.00077.wav,hiphop
hiphop/hiphop.00082,/Users/samuelturner/Documents/mert-music-retrieval/data/raw/gtzan/hiphop/hiphop.00082.wav,hiphop
jazz/jazz.00025,/Users/samuelturner/Documents/mert-music-retrieval/data/raw/gtzan/jazz/jazz.00025.wav,jazz
blues/blues.00099,/Users/samuelturner/Documents/mert-music-retrieval/data/raw/gtzan/blues/blues.00099.wav,blues
country/country.00020,/Users/samuelturner/Documents/mert-music-retrieval/data/raw/gtzan/country/country.00020.wav,country
rock/rock.00065,/Users/samuelturner/Documents/mert-music-retrieval/data/raw/gtzan/rock/rock.00065.wav,rock
rock/rock.00080,/Users/samuelturner/Documents/mert-music-retrieval/data/raw/gtzan/rock/rock.00080.wav,rock
country/country.00029,/Users/samuelturner/Documents/mert-music-retrieval/data/raw/gtzan/country/country.00029.wav,country
metal/metal.00058,/Users/samuelturner/Documents/mert-music-retrieval/data/raw/gtzan/metal/metal.00058.wav,metal
disco/disco.00042,/Users/samuelturner/Documents/mert-music-retrieval/data/raw/gtzan/disco/disco.00042.wav,disco
rock/rock.00010,/Users/samuelturner/Documents/mert-music-retrieval/data/raw/gtzan/rock/rock.00010.wav,rock
jazz/jazz.00077,/Users/samuelturner/Documents/mert-music-retrieval/data/raw/gtzan/jazz/jazz.00077.wav,jazz
country/country.00093,/Users/samuelturner/Documents/mert-music-retrieval/data/raw/gtzan/country/country.00093.wav,country
hiphop/hiphop.00043,/Users/samuelturner/Documents/mert-music-retrieval/data/raw/gtzan/hiphop/hiphop.00043.wav,hiphop
metal/metal.00031,/Users/samuelturner/Documents/mert-music-retrieval/data/raw/gtzan/metal/metal.00031.wav,metal
disco/disco.00002,/Users/samuelturner/Documents/mert-music-retrieval/data/raw/gtzan/disco/disco.00002.wav,disco
classical/classical.00008,/Users/samuelturner/Documents/mert-music-retrieval/data/raw/gtzan/classical/classical.00008.wav,classical
jazz/jazz.00056,/Users/samuelturner/Documents/mert-music-retrieval/data/raw/gtzan/jazz/jazz.00056.wav,jazz
blues/blues.00013,/Users/samuelturner/Documents/mert-music-retrieval/data/raw/gtzan/blues/blues.00013.wav,blues
metal/metal.00079,/Users/samuelturner/Documents/mert-music-retrieval/data/raw/gtzan/metal/metal.00079.wav,metal
blues/blues.00033,/Users/samuelturner/Documents/mert-music-retrieval/data/raw/gtzan/blues/blues.00033.wav,blues
rock/rock.00025,/Users/samuelturner/Documents/mert-music-retrieval/data/raw/gtzan/rock/rock.00025.wav,rock
reggae/reggae.00095,/Users/samuelturner/Documents/mert-music-retrieval/data/raw/gtzan/reggae/reggae.00095.wav,reggae
classical/classical.00091,/Users/samuelturner/Documents/mert-music-retrieval/data/raw/gtzan/classical/classical.00091.wav,classical
blues/blues.00057,/Users/samuelturner/Documents/mert-music-retrieval/data/raw/gtzan/blues/blues.00057.wav,blues
country/country.00089,/Users/samuelturner/Documents/mert-music-retrieval/data/raw/gtzan/country/country.00089.wav,country
metal/metal.00045,/Users/samuelturner/Documents/mert-music-retrieval/data/raw/gtzan/metal/metal.00045.wav,metal
jazz/jazz.00043,/Users/samuelturner/Documents/mert-music-retrieval/data/raw/gtzan/jazz/jazz.00043.wav,jazz
metal/metal.00091,/Users/samuelturner/Documents/mert-music-retrieval/data/raw/gtzan/metal/metal.00091.wav,metal
jazz/jazz.00054,/Users/samuelturner/Documents/mert-music-retrieval/data/raw/gtzan/jazz/jazz.00054.wav,jazz
disco/disco.00006,/Users/samuelturner/Documents/mert-music-retrieval/data/raw/gtzan/disco/disco.00006.wav,disco
jazz/jazz.00003,/Users/samuelturner/Documents/mert-music-retrieval/data/raw/gtzan/jazz/jazz.00003.wav,jazz
blues/blues.00029,/Users/samuelturner/Documents/mert-music-retrieval/data/raw/gtzan/blues/blues.00029.wav,blues
pop/pop.00083,/Users/samuelturner/Documents/mert-music-retrieval/data/raw/gtzan/pop/pop.00083.wav,pop
jazz/jazz.00040,/Users/samuelturner/Documents/mert-music-retrieval/data/raw/gtzan/jazz/jazz.00040.wav,jazz
hiphop/hiphop.00037,/Users/samuelturner/Documents/mert-music-retrieval/data/raw/gtzan/hiphop/hiphop.00037.wav,hiphop
pop/pop.00031,/Users/samuelturner/Documents/mert-music-retrieval/data/raw/gtzan/pop/pop.00031.wav,pop
disco/disco.00025,/Users/samuelturner/Documents/mert-music-retrieval/data/raw/gtzan/disco/disco.00025.wav,disco
metal/metal.00087,/Users/samuelturner/Documents/mert-music-retrieval/data/raw/gtzan/metal/metal.00087.wav,metal
reggae/reggae.00091,/Users/samuelturner/Documents/mert-music-retrieval/data/raw/gtzan/reggae/reggae.00091.wav,reggae
jazz/jazz.00009,/Users/samuelturner/Documents/mert-music-retrieval/data/raw/gtzan/jazz/jazz.00009.wav,jazz
metal/metal.00047,/Users/samuelturner/Documents/mert-music-retrieval/data/raw/gtzan/metal/metal.00047.wav,metal
disco/disco.00098,/Users/samuelturner/Documents/mert-music-retrieval/data/raw/gtzan/disco/disco.00098.wav,disco
hiphop/hiphop.00071,/Users/samuelturner/Documents/mert-music-retrieval/data/raw/gtzan/hiphop/hiphop.00071.wav,hiphop
hiphop/hiphop.00080,/Users/samuelturner/Documents/mert-music-retrieval/data/raw/gtzan/hiphop/hiphop.00080.wav,hiphop
disco/disco.00055,/Users/samuelturner/Documents/mert-music-retrieval/data/raw/gtzan/disco/disco.00055.wav,disco
blues/blues.00043,/Users/samuelturner/Documents/mert-music-retrieval/data/raw/gtzan/blues/blues.00043.wav,blues
reggae/reggae.00084,/Users/samuelturner/Documents/mert-music-retrieval/data/raw/gtzan/reggae/reggae.00084.wav,reggae
country/country.00014,/Users/samuelturner/Documents/mert-music-retrieval/data/raw/gtzan/country/country.00014.wav,country
pop/pop.00064,/Users/samuelturner/Documents/mert-music-retrieval/data/raw/gtzan/pop/pop.00064.wav,pop
disco/disco.00075,/Users/samuelturner/Documents/mert-music-retrieval/data/raw/gtzan/disco/disco.00075.wav,disco
classical/classical.00062,/Users/samuelturner/Documents/mert-music-retrieval/data/raw/gtzan/classical/classical.00062.wav,classical
reggae/reggae.00067,/Users/samuelturner/Documents/mert-music-retrieval/data/raw/gtzan/reggae/reggae.00067.wav,reggae
jazz/jazz.00082,/Users/samuelturner/Documents/mert-music-retrieval/data/raw/gtzan/jazz/jazz.00082.wav,jazz
pop/pop.00094,/Users/samuelturner/Documents/mert-music-retrieval/data/raw/gtzan/pop/pop.00094.wav,pop
blues/blues.00002,/Users/samuelturner/Documents/mert-music-retrieval/data/raw/gtzan/blues/blues.00002.wav,blues
pop/pop.00049,/Users/samuelturner/Documents/mert-music-retrieval/data/raw/gtzan/pop/pop.00049.wav,pop
disco/disco.00051,/Users/samuelturner/Documents/mert-music-retrieval/data/raw/gtzan/disco/disco.00051.wav,disco
rock/rock.00057,/Users/samuelturner/Documents/mert-music-retrieval/data/raw/gtzan/rock/rock.00057.wav,rock
classical/classical.00090,/Users/samuelturner/Documents/mert-music-retrieval/data/raw/gtzan/classical/classical.00090.wav,classical
jazz/jazz.00095,/Users/samuelturner/Documents/mert-music-retrieval/data/raw/gtzan/jazz/jazz.00095.wav,jazz
classical/classical.00096,/Users/samuelturner/Documents/mert-music-retrieval/data/raw/gtzan/classical/classical.00096.wav,classical
metal/metal.00072,/Users/samuelturner/Documents/mert-music-retrieval/data/raw/gtzan/metal/metal.00072.wav,metal
rock/rock.00063,/Users/samuelturner/Documents/mert-music-retrieval/data/raw/gtzan/rock/rock.00063.wav,rock
country/country.00031,/Users/samuelturner/Documents/mert-music-retrieval/data/raw/gtzan/country/country.00031.wav,country
pop/pop.00006,/Users/samuelturner/Documents/mert-music-retrieval/data/raw/gtzan/pop/pop.00006.wav,pop
rock/rock.00013,/Users/samuelturner/Documents/mert-music-retrieval/data/raw/gtzan/rock/rock.00013.wav,rock
classical/classical.00050,/Users/samuelturner/Documents/mert-music-retrieval/data/raw/gtzan/classical/classical.00050.wav,classical
rock/rock.00012,/Users/samuelturner/Documents/mert-music-retrieval/data/raw/gtzan/rock/rock.00012.wav,rock
country/country.00085,/Users/samuelturner/Documents/mert-music-retrieval/data/raw/gtzan/country/country.00085.wav,country
reggae/reggae.00053,/Users/samuelturner/Documents/mert-music-retrieval/data/raw/gtzan/reggae/reggae.00053.wav,reggae
rock/rock.00032,/Users/samuelturner/Documents/mert-music-retrieval/data/raw/gtzan/rock/rock.00032.wav,rock
metal/metal.00052,/Users/samuelturner/Documents/mert-music-retrieval/data/raw/gtzan/metal/metal.00052.wav,metal
rock/rock.00022,/Users/samuelturner/Documents/mert-music-retrieval/data/raw/gtzan/rock/rock.00022.wav,rock
hiphop/hiphop.00003,/Users/samuelturner/Documents/mert-music-retrieval/data/raw/gtzan/hiphop/hiphop.00003.wav,hiphop
hiphop/hiphop.00001,/Users/samuelturner/Documents/mert-music-retrieval/data/raw/gtzan/hiphop/hiphop.00001.wav,hiphop
jazz/jazz.00063,/Users/samuelturner/Documents/mert-music-retrieval/data/raw/gtzan/jazz/jazz.00063.wav,jazz
blues/blues.00045,/Users/samuelturner/Documents/mert-music-retrieval/data/raw/gtzan/blues/blues.00045.wav,blues
metal/metal.00026,/Users/samuelturner/Documents/mert-music-retrieval/data/raw/gtzan/metal/metal.00026.wav,metal
reggae/reggae.00034,/Users/samuelturner/Documents/mert-music-retrieval/data/raw/gtzan/reggae/reggae.00034.wav,reggae
rock/rock.00030,/Users/samuelturner/Documents/mert-music-retrieval/data/raw/gtzan/rock/rock.00030.wav,rock
country/country.00088,/Users/samuelturner/Documents/mert-music-retrieval/data/raw/gtzan/country/country.00088.wav,country
classical/classical.00013,/Users/samuelturner/Documents/mert-music-retrieval/data/raw/gtzan/classical/classical.00013.wav,classical
jazz/jazz.00002,/Users/samuelturner/Documents/mert-music-retrieval/data/raw/gtzan/jazz/jazz.00002.wav,jazz
country/country.00096,/Users/samuelturner/Documents/mert-music-retrieval/data/raw/gtzan/country/country.00096.wav,country
country/country.00084,/Users/samuelturner/Documents/mert-music-retrieval/data/raw/gtzan/country/country.00084.wav,country
blues/blues.00025,/Users/samuelturner/Documents/mert-music-retrieval/data/raw/gtzan/blues/blues.00025.wav,blues
classical/classical.00001,/Users/samuelturner/Documents/mert-music-retrieval/data/raw/gtzan/classical/classical.00001.wav,classical
rock/rock.00049,/Users/samuelturner/Documents/mert-music-retrieval/data/raw/gtzan/rock/rock.00049.wav,rock
disco/disco.00072,/Users/samuelturner/Documents/mert-music-retrieval/data/raw/gtzan/disco/disco.00072.wav,disco
classical/classical.00034,/Users/samuelturner/Documents/mert-music-retrieval/data/raw/gtzan/classical/classical.00034.wav,classical
country/country.00010,/Users/samuelturner/Documents/mert-music-retrieval/data/raw/gtzan/country/country.00010.wav,country
hiphop/hiphop.00006,/Users/samuelturner/Documents/mert-music-retrieval/data/raw/gtzan/hiphop/hiphop.00006.wav,hiphop
jazz/jazz.00036,/Users/samuelturner/Documents/mert-music-retrieval/data/raw/gtzan/jazz/jazz.00036.wav,jazz
classical/classical.00076,/Users/samuelturner/Documents/mert-music-retrieval/data/raw/gtzan/classical/classical.00076.wav,classical
blues/blues.00015,/Users/samuelturner/Documents/mert-music-retrieval/data/raw/gtzan/blues/blues.00015.wav,blues
blues/blues.00040,/Users/samuelturner/Documents/mert-music-retrieval/data/raw/gtzan/blues/blues.00040.wav,blues
country/country.00007,/Users/samuelturner/Documents/mert-music-retrieval/data/raw/gtzan/country/country.00007.wav,country
jazz/jazz.00018,/Users/samuelturner/Documents/mert-music-retrieval/data/raw/gtzan/jazz/jazz.00018.wav,jazz
rock/rock.00078,/Users/samuelturner/Documents/mert-music-retrieval/data/raw/gtzan/rock/rock.00078.wav,rock
blues/blues.00072,/Users/samuelturner/Documents/mert-music-retrieval/data/raw/gtzan/blues/blues.00072.wav,blues
pop/pop.00032,/Users/samuelturner/Documents/mert-music-retrieval/data/raw/gtzan/pop/pop.00032.wav,pop
pop/pop.00075,/Users/samuelturner/Documents/mert-music-retrieval/data/raw/gtzan/pop/pop.00075.wav,pop
rock/rock.00098,/Users/samuelturner/Documents/mert-music-retrieval/data/raw/gtzan/rock/rock.00098.wav,rock
reggae/reggae.00075,/Users/samuelturner/Documents/mert-music-retrieval/data/raw/gtzan/reggae/reggae.00075.wav,reggae
country/country.00039,/Users/samuelturner/Documents/mert-music-retrieval/data/raw/gtzan/country/country.00039.wav,country
hiphop/hiphop.00045,/Users/samuelturner/Documents/mert-music-retrieval/data/raw/gtzan/hiphop/hiphop.00045.wav,hiphop
metal/metal.00080,/Users/samuelturner/Documents/mert-music-retrieval/data/raw/gtzan/metal/metal.00080.wav,metal
pop/pop.00092,/Users/samuelturner/Documents/mert-music-retrieval/data/raw/gtzan/pop/pop.00092.wav,pop
country/country.00023,/Users/samuelturner/Documents/mert-music-retrieval/data/raw/gtzan/country/country.00023.wav,country
hiphop/hiphop.00081,/Users/samuelturner/Documents/mert-music-retrieval/data/raw/gtzan/hiphop/hiphop.00081.wav,hiphop
reggae/reggae.00070,/Users/samuelturner/Documents/mert-music-retrieval/data/raw/gtzan/reggae/reggae.00070.wav,reggae
country/country.00016,/Users/samuelturner/Documents/mert-music-retrieval/data/raw/gtzan/country/country.00016.wav,country
pop/pop.00073,/Users/samuelturner/Documents/mert-music-retrieval/data/raw/gtzan/pop/pop.00073.wav,pop
classical/classical.00029,/Users/samuelturner/Documents/mert-music-retrieval/data/raw/gtzan/classical/classical.00029.wav,classical
country/country.00053,/Users/samuelturner/Documents/mert-music-retrieval/data/raw/gtzan/country/country.00053.wav,country
classical/classical.00089,/Users/samuelturner/Documents/mert-music-retrieval/data/raw/gtzan/classical/classical.00089.wav,classical
country/country.00081,/Users/samuelturner/Documents/mert-music-retrieval/data/raw/gtzan/country/country.00081.wav,country
blues/blues.00036,/Users/samuelturner/Documents/mert-music-retrieval/data/raw/gtzan/blues/blues.00036.wav,blues
pop/pop.00087,/Users/samuelturner/Documents/mert-music-retrieval/data/raw/gtzan/pop/pop.00087.wav,pop
country/country.00077,/Users/samuelturner/Documents/mert-music-retrieval/data/raw/gtzan/country/country.00077.wav,country
pop/pop.00082,/Users/samuelturner/Documents/mert-music-retrieval/data/raw/gtzan/pop/pop.00082.wav,pop
reggae/reggae.00011,/Users/samuelturner/Documents/mert-music-retrieval/data/raw/gtzan/reggae/reggae.00011.wav,reggae
hiphop/hiphop.00012,/Users/samuelturner/Documents/mert-music-retrieval/data/raw/gtzan/hiphop/hiphop.00012.wav,hiphop
jazz/jazz.00050,/Users/samuelturner/Documents/mert-music-retrieval/data/raw/gtzan/jazz/jazz.00050.wav,jazz
rock/rock.00067,/Users/samuelturner/Documents/mert-music-retrieval/data/raw/gtzan/rock/rock.00067.wav,rock
classical/classical.00040,/Users/samuelturner/Documents/mert-music-retrieval/data/raw/gtzan/classical/classical.00040.wav,classical
metal/metal.00046,/Users/samuelturner/Documents/mert-music-retrieval/data/raw/gtzan/metal/metal.00046.wav,metal
disco/disco.00076,/Users/samuelturner/Documents/mert-music-retrieval/data/raw/gtzan/disco/disco.00076.wav,disco
country/country.00079,/Users/samuelturner/Documents/mert-music-retrieval/data/raw/gtzan/country/country.00079.wav,country
classical/classical.00007,/Users/samuelturner/Documents/mert-music-retrieval/data/raw/gtzan/classical/classical.00007.wav,classical
metal/metal.00084,/Users/samuelturner/Documents/mert-music-retrieval/data/raw/gtzan/metal/metal.00084.wav,metal
disco/disco.00022,/Users/samuelturner/Documents/mert-music-retrieval/data/raw/gtzan/disco/disco.00022.wav,disco
country/country.00078,/Users/samuelturner/Documents/mert-music-retrieval/data/raw/gtzan/country/country.00078.wav,country
blues/blues.00031,/Users/samuelturner/Documents/mert-music-retrieval/data/raw/gtzan/blues/blues.00031.wav,blues
country/country.00011,/Users/samuelturner/Documents/mert-music-retrieval/data/raw/gtzan/country/country.00011.wav,country
hiphop/hiphop.00014,/Users/samuelturner/Documents/mert-music-retrieval/data/raw/gtzan/hiphop/hiphop.00014.wav,hiphop
rock/rock.00055,/Users/samuelturner/Documents/mert-music-retrieval/data/raw/gtzan/rock/rock.00055.wav,rock
blues/blues.00079,/Users/samuelturner/Documents/mert-music-retrieval/data/raw/gtzan/blues/blues.00079.wav,blues
rock/rock.00017,/Users/samuelturner/Documents/mert-music-retrieval/data/raw/gtzan/rock/rock.00017.wav,rock
blues/blues.00041,/Users/samuelturner/Documents/mert-music-retrieval/data/raw/gtzan/blues/blues.00041.wav,blues
pop/pop.00074,/Users/samuelturner/Documents/mert-music-retrieval/data/raw/gtzan/pop/pop.00074.wav,pop
classical/classical.00010,/Users/samuelturner/Documents/mert-music-retrieval/data/raw/gtzan/classical/classical.00010.wav,classical
pop/pop.00017,/Users/samuelturner/Documents/mert-music-retrieval/data/raw/gtzan/pop/pop.00017.wav,pop
pop/pop.00020,/Users/samuelturner/Documents/mert-music-retrieval/data/raw/gtzan/pop/pop.00020.wav,pop
metal/metal.00011,/Users/samuelturner/Documents/mert-music-retrieval/data/raw/gtzan/metal/metal.00011.wav,metal
rock/rock.00072,/Users/samuelturner/Documents/mert-music-retrieval/data/raw/gtzan/rock/rock.00072.wav,rock
hiphop/hiphop.00079,/Users/samuelturner/Documents/mert-music-retrieval/data/raw/gtzan/hiphop/hiphop.00079.wav,hiphop
metal/metal.00065,/Users/samuelturner/Documents/mert-music-retrieval/data/raw/gtzan/metal/metal.00065.wav,metal
rock/rock.00060,/Users/samuelturner/Documents/mert-music-retrieval/data/raw/gtzan/rock/rock.00060.wav,rock
hiphop/hiphop.00025,/Users/samuelturner/Documents/mert-music-retrieval/data/raw/gtzan/hiphop/hiphop.00025.wav,hiphop
rock/rock.00006,/Users/samuelturner/Documents/mert-music-retrieval/data/raw/gtzan/rock/rock.00006.wav,rock
rock/rock.00048,/Users/samuelturner/Documents/mert-music-retrieval/data/raw/gtzan/rock/rock.00048.wav,rock
hiphop/hiphop.00063,/Users/samuelturner/Documents/mert-music-retrieval/data/raw/gtzan/hiphop/hiphop.00063.wav,hiphop
disco/disco.00044,/Users/samuelturner/Documents/mert-music-retrieval/data/raw/gtzan/disco/disco.00044.wav,disco
reggae/reggae.00048,/Users/samuelturner/Documents/mert-music-retrieval/data/raw/gtzan/reggae/reggae.00048.wav,reggae
disco/disco.00058,/Users/samuelturner/Documents/mert-music-retrieval/data/raw/gtzan/disco/disco.00058.wav,disco
country/country.00097,/Users/samuelturner/Documents/mert-music-retrieval/data/raw/gtzan/country/country.00097.wav,country
reggae/reggae.00077,/Users/samuelturner/Documents/mert-music-retrieval/data/raw/gtzan/reggae/reggae.00077.wav,reggae
blues/blues.00032,/Users/samuelturner/Documents/mert-music-retrieval/data/raw/gtzan/blues/blues.00032.wav,blues
disco/disco.00056,/Users/samuelturner/Documents/mert-music-retrieval/data/raw/gtzan/disco/disco.00056.wav,disco
country/country.00047,/Users/samuelturner/Documents/mert-music-retrieval/data/raw/gtzan/country/country.00047.wav,country
jazz/jazz.00012,/Users/samuelturner/Documents/mert-music-retrieval/data/raw/gtzan/jazz/jazz.00012.wav,jazz
rock/rock.00076,/Users/samuelturner/Documents/mert-music-retrieval/data/raw/gtzan/rock/rock.00076.wav,rock
disco/disco.00004,/Users/samuelturner/Documents/mert-music-retrieval/data/raw/gtzan/disco/disco.00004.wav,disco
classical/classical.00026,/Users/samuelturner/Documents/mert-music-retrieval/data/raw/gtzan/classical/classical.00026.wav,classical
pop/pop.00093,/Users/samuelturner/Documents/mert-music-retrieval/data/raw/gtzan/pop/pop.00093.wav,pop
rock/rock.00024,/Users/samuelturner/Documents/mert-music-retrieval/data/raw/gtzan/rock/rock.00024.wav,rock
reggae/reggae.00089,/Users/samuelturner/Documents/mert-music-retrieval/data/raw/gtzan/reggae/reggae.00089.wav,reggae
rock/rock.00033,/Users/samuelturner/Documents/mert-music-retrieval/data/raw/gtzan/rock/rock.00033.wav,rock
reggae/reggae.00009,/Users/samuelturner/Documents/mert-music-retrieval/data/raw/gtzan/reggae/reggae.00009.wav,reggae
blues/blues.00077,/Users/samuelturner/Documents/mert-music-retrieval/data/raw/gtzan/blues/blues.00077.wav,blues
country/country.00069,/Users/samuelturner/Documents/mert-music-retrieval/data/raw/gtzan/country/country.00069.wav,country
pop/pop.00079,/Users/samuelturner/Documents/mert-music-retrieval/data/raw/gtzan/pop/pop.00079.wav,pop
hiphop/hiphop.00075,/Users/samuelturner/Documents/mert-music-retrieval/data/raw/gtzan/hiphop/hiphop.00075.wav,hiphop
reggae/reggae.00094,/Users/samuelturner/Documents/mert-music-retrieval/data/raw/gtzan/reggae/reggae.00094.wav,reggae
hiphop/hiphop.00013,/Users/samuelturner/Documents/mert-music-retrieval/data/raw/gtzan/hiphop/hiphop.00013.wav,hiphop
pop/pop.00068,/Users/samuelturner/Documents/mert-music-retrieval/data/raw/gtzan/pop/pop.00068.wav,pop
pop/pop.00072,/Users/samuelturner/Documents/mert-music-retrieval/data/raw/gtzan/pop/pop.00072.wav,pop
metal/metal.00053,/Users/samuelturner/Documents/mert-music-retrieval/data/raw/gtzan/metal/metal.00053.wav,metal
hiphop/hiphop.00058,/Users/samuelturner/Documents/mert-music-retrieval/data/raw/gtzan/hiphop/hiphop.00058.wav,hiphop
classical/classical.00083,/Users/samuelturner/Documents/mert-music-retrieval/data/raw/gtzan/classical/classical.00083.wav,classical
metal/metal.00038,/Users/samuelturner/Documents/mert-music-retrieval/data/raw/gtzan/metal/metal.00038.wav,metal
rock/rock.00007,/Users/samuelturner/Documents/mert-music-retrieval/data/raw/gtzan/rock/rock.00007.wav,rock
disco/disco.00047,/Users/samuelturner/Documents/mert-music-retrieval/data/raw/gtzan/disco/disco.00047.wav,disco
blues/blues.00010,/Users/samuelturner/Documents/mert-music-retrieval/data/raw/gtzan/blues/blues.00010.wav,blues
country/country.00063,/Users/samuelturner/Documents/mert-music-retrieval/data/raw/gtzan/country/country.00063.wav,country
reggae/reggae.00087,/Users/samuelturner/Documents/mert-music-retrieval/data/raw/gtzan/reggae/reggae.00087.wav,reggae
jazz/jazz.00099,/Users/samuelturner/Documents/mert-music-retrieval/data/raw/gtzan/jazz/jazz.00099.wav,jazz
disco/disco.00020,/Users/samuelturner/Documents/mert-music-retrieval/data/raw/gtzan/disco/disco.00020.wav,disco
jazz/jazz.00075,/Users/samuelturner/Documents/mert-music-retrieval/data/raw/gtzan/jazz/jazz.00075.wav,jazz
metal/metal.00071,/Users/samuelturner/Documents/mert-music-retrieval/data/raw/gtzan/metal/metal.00071.wav,metal
country/country.00073,/Users/samuelturner/Documents/mert-music-retrieval/data/raw/gtzan/country/country.00073.wav,country
classical/classical.00078,/Users/samuelturner/Documents/mert-music-retrieval/data/raw/gtzan/classical/classical.00078.wav,classical
reggae/reggae.00052,/Users/samuelturner/Documents/mert-music-retrieval/data/raw/gtzan/reggae/reggae.00052.wav,reggae
metal/metal.00025,/Users/samuelturner/Documents/mert-music-retrieval/data/raw/gtzan/metal/metal.00025.wav,metal
metal/metal.00007,/Users/samuelturner/Documents/mert-music-retrieval/data/raw/gtzan/metal/metal.00007.wav,metal
blues/blues.00051,/Users/samuelturner/Documents/mert-music-retrieval/data/raw/gtzan/blues/blues.00051.wav,blues
disco/disco.00024,/Users/samuelturner/Documents/mert-music-retrieval/data/raw/gtzan/disco/disco.00024.wav,disco
reggae/reggae.00043,/Users/samuelturner/Documents/mert-music-retrieval/data/raw/gtzan/reggae/reggae.00043.wav,reggae
hiphop/hiphop.00066,/Users/samuelturner/Documents/mert-music-retrieval/data/raw/gtzan/hiphop/hiphop.00066.wav,hiphop
blues/blues.00056,/Users/samuelturner/Documents/mert-music-retrieval/data/raw/gtzan/blues/blues.00056.wav,blues
pop/pop.00052,/Users/samuelturner/Documents/mert-music-retrieval/data/raw/gtzan/pop/pop.00052.wav,pop
pop/pop.00001,/Users/samuelturner/Documents/mert-music-retrieval/data/raw/gtzan/pop/pop.00001.wav,pop
country/country.00002,/Users/samuelturner/Documents/mert-music-retrieval/data/raw/gtzan/country/country.00002.wav,country
blues/blues.00035,/Users/samuelturner/Documents/mert-music-retrieval/data/raw/gtzan/blues/blues.00035.wav,blues
hiphop/hiphop.00050,/Users/samuelturner/Documents/mert-music-retrieval/data/raw/gtzan/hiphop/hiphop.00050.wav,hiphop
hiphop/hiphop.00016,/Users/samuelturner/Documents/mert-music-retrieval/data/raw/gtzan/hiphop/hiphop.00016.wav,hiphop
metal/metal.00006,/Users/samuelturner/Documents/mert-music-retrieval/data/raw/gtzan/metal/metal.00006.wav,metal
metal/metal.00096,/Users/samuelturner/Documents/mert-music-retrieval/data/raw/gtzan/metal/metal.00096.wav,metal
jazz/jazz.00011,/Users/samuelturner/Documents/mert-music-retrieval/data/raw/gtzan/jazz/jazz.00011.wav,jazz
blues/blues.00094,/Users/samuelturner/Documents/mert-music-retrieval/data/raw/gtzan/blues/blues.00094.wav,blues
disco/disco.00069,/Users/samuelturner/Documents/mert-music-retrieval/data/raw/gtzan/disco/disco.00069.wav,disco
metal/metal.00090,/Users/samuelturner/Documents/mert-music-retrieval/data/raw/gtzan/metal/metal.00090.wav,metal
blues/blues.00039,/Users/samuelturner/Documents/mert-music-retrieval/data/raw/gtzan/blues/blues.00039.wav,blues
pop/pop.00008,/Users/samuelturner/Documents/mert-music-retrieval/data/raw/gtzan/pop/pop.00008.wav,pop
reggae/reggae.00014,/Users/samuelturner/Documents/mert-music-retrieval/data/raw/gtzan/reggae/reggae.00014.wav,reggae
pop/pop.00003,/Users/samuelturner/Documents/mert-music-retrieval/data/raw/gtzan/pop/pop.00003.wav,pop
hiphop/hiphop.00008,/Users/samuelturner/Documents/mert-music-retrieval/data/raw/gtzan/hiphop/hiphop.00008.wav,hiphop
disco/disco.00029,/Users/samuelturner/Documents/mert-music-retrieval/data/raw/gtzan/disco/disco.00029.wav,disco
disco/disco.00040,/Users/samuelturner/Documents/mert-music-retrieval/data/raw/gtzan/disco/disco.00040.wav,disco
pop/pop.00024,/Users/samuelturner/Documents/mert-music-retrieval/data/raw/gtzan/pop/pop.00024.wav,pop
metal/metal.00049,/Users/samuelturner/Documents/mert-music-retrieval/data/raw/gtzan/metal/metal.00049.wav,metal
jazz/jazz.00014,/Users/samuelturner/Documents/mert-music-retrieval/data/raw/gtzan/jazz/jazz.00014.wav,jazz
disco/disco.00077,/Users/samuelturner/Documents/mert-music-retrieval/data/raw/gtzan/disco/disco.00077.wav,disco
hiphop/hiphop.00083,/Users/samuelturner/Documents/mert-music-retrieval/data/raw/gtzan/hiphop/hiphop.00083.wav,hiphop
rock/rock.00070,/Users/samuelturner/Documents/mert-music-retrieval/data/raw/gtzan/rock/rock.00070.wav,rock
hiphop/hiphop.00021,/Users/samuelturner/Documents/mert-music-retrieval/data/raw/gtzan/hiphop/hiphop.00021.wav,hiphop
rock/rock.00026,/Users/samuelturner/Documents/mert-music-retrieval/data/raw/gtzan/rock/rock.00026.wav,rock
classical/classical.00037,/Users/samuelturner/Documents/mert-music-retrieval/data/raw/gtzan/classical/classical.00037.wav,classical
country/country.00059,/Users/samuelturner/Documents/mert-music-retrieval/data/raw/gtzan/country/country.00059.wav,country
metal/metal.00083,/Users/samuelturner/Documents/mert-music-retrieval/data/raw/gtzan/metal/metal.00083.wav,metal
classical/classical.00006,/Users/samuelturner/Documents/mert-music-retrieval/data/raw/gtzan/classical/classical.00006.wav,classical
classical/classical.00093,/Users/samuelturner/Documents/mert-music-retrieval/data/raw/gtzan/classical/classical.00093.wav,classical
pop/pop.00054,/Users/samuelturner/Documents/mert-music-retrieval/data/raw/gtzan/pop/pop.00054.wav,pop
reggae/reggae.00006,/Users/samuelturner/Documents/mert-music-retrieval/data/raw/gtzan/reggae/reggae.00006.wav,reggae
blues/blues.00067,/Users/samuelturner/Documents/mert-music-retrieval/data/raw/gtzan/blues/blues.00067.wav,blues
pop/pop.00063,/Users/samuelturner/Documents/mert-music-retrieval/data/raw/gtzan/pop/pop.00063.wav,pop
country/country.00051,/Users/samuelturner/Documents/mert-music-retrieval/data/raw/gtzan/country/country.00051.wav,country
jazz/jazz.00035,/Users/samuelturner/Documents/mert-music-retrieval/data/raw/gtzan/jazz/jazz.00035.wav,jazz
hiphop/hiphop.00087,/Users/samuelturner/Documents/mert-music-retrieval/data/raw/gtzan/hiphop/hiphop.00087.wav,hiphop
jazz/jazz.00044,/Users/samuelturner/Documents/mert-music-retrieval/data/raw/gtzan/jazz/jazz.00044.wav,jazz
disco/disco.00083,/Users/samuelturner/Documents/mert-music-retrieval/data/raw/gtzan/disco/disco.00083.wav,disco
blues/blues.00087,/Users/samuelturner/Documents/mert-music-retrieval/data/raw/gtzan/blues/blues.00087.wav,blues
metal/metal.00002,/Users/samuelturner/Documents/mert-music-retrieval/data/raw/gtzan/metal/metal.00002.wav,metal
hiphop/hiphop.00017,/Users/samuelturner/Documents/mert-music-retrieval/data/raw/gtzan/hiphop/hiphop.00017.wav,hiphop
hiphop/hiphop.00068,/Users/samuelturner/Documents/mert-music-retrieval/data/raw/gtzan/hiphop/hiphop.00068.wav,hiphop
jazz/jazz.00098,/Users/samuelturner/Documents/mert-music-retrieval/data/raw/gtzan/jazz/jazz.00098.wav,jazz
metal/metal.00054,/Users/samuelturner/Documents/mert-music-retrieval/data/raw/gtzan/metal/metal.00054.wav,metal
metal/metal.00059,/Users/samuelturner/Documents/mert-music-retrieval/data/raw/gtzan/metal/metal.00059.wav,metal
blues/blues.00080,/Users/samuelturner/Documents/mert-music-retrieval/data/raw/gtzan/blues/blues.00080.wav,blues
metal/metal.00099,/Users/samuelturner/Documents/mert-music-retrieval/data/raw/gtzan/metal/metal.00099.wav,metal
disco/disco.00061,/Users/samuelturner/Documents/mert-music-retrieval/data/raw/gtzan/disco/disco.00061.wav,disco
hiphop/hiphop.00007,/Users/samuelturner/Documents/mert-music-retrieval/data/raw/gtzan/hiphop/hiphop.00007.wav,hiphop
jazz/jazz.00048,/Users/samuelturner/Documents/mert-music-retrieval/data/raw/gtzan/jazz/jazz.00048.wav,jazz
disco/disco.00067,/Users/samuelturner/Documents/mert-music-retrieval/data/raw/gtzan/disco/disco.00067.wav,disco
country/country.00068,/Users/samuelturner/Documents/mert-music-retrieval/data/raw/gtzan/country/country.00068.wav,country
reggae/reggae.00059,/Users/samuelturner/Documents/mert-music-retrieval/data/raw/gtzan/reggae/reggae.00059.wav,reggae
rock/rock.00047,/Users/samuelturner/Documents/mert-music-retrieval/data/raw/gtzan/rock/rock.00047.wav,rock
metal/metal.00043,/Users/samuelturner/Documents/mert-music-retrieval/data/raw/gtzan/metal/metal.00043.wav,metal
jazz/jazz.00092,/Users/samuelturner/Documents/mert-music-retrieval/data/raw/gtzan/jazz/jazz.00092.wav,jazz
jazz/jazz.00080,/Users/samuelturner/Documents/mert-music-retrieval/data/raw/gtzan/jazz/jazz.00080.wav,jazz
blues/blues.00082,/Users/samuelturner/Documents/mert-music-retrieval/data/raw/gtzan/blues/blues.00082.wav,blues
country/country.00058,/Users/samuelturner/Documents/mert-music-retrieval/data/raw/gtzan/country/country.00058.wav,country
metal/metal.00085,/Users/samuelturner/Documents/mert-music-retrieval/data/raw/gtzan/metal/metal.00085.wav,metal
hiphop/hiphop.00069,/Users/samuelturner/Documents/mert-music-retrieval/data/raw/gtzan/hiphop/hiphop.00069.wav,hiphop
blues/blues.00017,/Users/samuelturner/Documents/mert-music-retrieval/data/raw/gtzan/blues/blues.00017.wav,blues
jazz/jazz.00081,/Users/samuelturner/Documents/mert-music-retrieval/data/raw/gtzan/jazz/jazz.00081.wav,jazz
rock/rock.00050,/Users/samuelturner/Documents/mert-music-retrieval/data/raw/gtzan/rock/rock.00050.wav,rock
metal/metal.00021,/Users/samuelturner/Documents/mert-music-retrieval/data/raw/gtzan/metal/metal.00021.wav,metal
disco/disco.00081,/Users/samuelturner/Documents/mert-music-retrieval/data/raw/gtzan/disco/disco.00081.wav,disco
rock/rock.00043,/Users/samuelturner/Documents/mert-music-retrieval/data/raw/gtzan/rock/rock.00043.wav,rock
classical/classical.00053,/Users/samuelturner/Documents/mert-music-retrieval/data/raw/gtzan/classical/classical.00053.wav,classical
metal/metal.00000,/Users/samuelturner/Documents/mert-music-retrieval/data/raw/gtzan/metal/metal.00000.wav,metal
reggae/reggae.00041,/Users/samuelturner/Documents/mert-music-retrieval/data/raw/gtzan/reggae/reggae.00041.wav,reggae
blues/blues.00098,/Users/samuelturner/Documents/mert-music-retrieval/data/raw/gtzan/blues/blues.00098.wav,blues
disco/disco.00073,/Users/samuelturner/Documents/mert-music-retrieval/data/raw/gtzan/disco/disco.00073.wav,disco
reggae/reggae.00088,/Users/samuelturner/Documents/mert-music-retrieval/data/raw/gtzan/reggae/reggae.00088.wav,reggae
classical/classical.00095,/Users/samuelturner/Documents/mert-music-retrieval/data/raw/gtzan/classical/classical.00095.wav,classical
disco/disco.00005,/Users/samuelturner/Documents/mert-music-retrieval/data/raw/gtzan/disco/disco.00005.wav,disco
rock/rock.00073,/Users/samuelturner/Documents/mert-music-retrieval/data/raw/gtzan/rock/rock.00073.wav,rock
classical/classical.00087,/Users/samuelturner/Documents/mert-music-retrieval/data/raw/gtzan/classical/classical.00087.wav,classical
rock/rock.00029,/Users/samuelturner/Documents/mert-music-retrieval/data/raw/gtzan/rock/rock.00029.wav,rock
pop/pop.00070,/Users/samuelturner/Documents/mert-music-retrieval/data/raw/gtzan/pop/pop.00070.wav,pop
disco/disco.00059,/Users/samuelturner/Documents/mert-music-retrieval/data/raw/gtzan/disco/disco.00059.wav,disco
classical/classical.00002,/Users/samuelturner/Documents/mert-music-retrieval/data/raw/gtzan/classical/classical.00002.wav,classical
jazz/jazz.00096,/Users/samuelturner/Documents/mert-music-retrieval/data/raw/gtzan/jazz/jazz.00096.wav,jazz
pop/pop.00019,/Users/samuelturner/Documents/mert-music-retrieval/data/raw/gtzan/pop/pop.00019.wav,pop
country/country.00046,/Users/samuelturner/Documents/mert-music-retrieval/data/raw/gtzan/country/country.00046.wav,country
country/country.00099,/Users/samuelturner/Documents/mert-music-retrieval/data/raw/gtzan/country/country.00099.wav,country
reggae/reggae.00047,/Users/samuelturner/Documents/mert-music-retrieval/data/raw/gtzan/reggae/reggae.00047.wav,reggae
rock/rock.00021,/Users/samuelturner/Documents/mert-music-retrieval/data/raw/gtzan/rock/rock.00021.wav,rock
hiphop/hiphop.00028,/Users/samuelturner/Documents/mert-music-retrieval/data/raw/gtzan/hiphop/hiphop.00028.wav,hiphop
reggae/reggae.00064,/Users/samuelturner/Documents/mert-music-retrieval/data/raw/gtzan/reggae/reggae.00064.wav,reggae
blues/blues.00026,/Users/samuelturner/Documents/mert-music-retrieval/data/raw/gtzan/blues/blues.00026.wav,blues
rock/rock.00096,/Users/samuelturner/Documents/mert-music-retrieval/data/raw/gtzan/rock/rock.00096.wav,rock
rock/rock.00016,/Users/samuelturner/Documents/mert-music-retrieval/data/raw/gtzan/rock/rock.00016.wav,rock
rock/rock.00008,/Users/samuelturner/Documents/mert-music-retrieval/data/raw/gtzan/rock/rock.00008.wav,rock
disco/disco.00021,/Users/samuelturner/Documents/mert-music-retrieval/data/raw/gtzan/disco/disco.00021.wav,disco
blues/blues.00053,/Users/samuelturner/Documents/mert-music-retrieval/data/raw/gtzan/blues/blues.00053.wav,blues
pop/pop.00002,/Users/samuelturner/Documents/mert-music-retrieval/data/raw/gtzan/pop/pop.00002.wav,pop
reggae/reggae.00023,/Users/samuelturner/Documents/mert-music-retrieval/data/raw/gtzan/reggae/reggae.00023.wav,reggae
metal/metal.00030,/Users/samuelturner/Documents/mert-music-retrieval/data/raw/gtzan/metal/metal.00030.wav,metal
metal/metal.00012,/Users/samuelturner/Documents/mert-music-retrieval/data/raw/gtzan/metal/metal.00012.wav,metal
country/country.00008,/Users/samuelturner/Documents/mert-music-retrieval/data/raw/gtzan/country/country.00008.wav,country
rock/rock.00042,/Users/samuelturner/Documents/mert-music-retrieval/data/raw/gtzan/rock/rock.00042.wav,rock
disco/disco.00090,/Users/samuelturner/Documents/mert-music-retrieval/data/raw/gtzan/disco/disco.00090.wav,disco
metal/metal.00039,/Users/samuelturner/Documents/mert-music-retrieval/data/raw/gtzan/metal/metal.00039.wav,metal
classical/classical.00072,/Users/samuelturner/Documents/mert-music-retrieval/data/raw/gtzan/classical/classical.00072.wav,classical
metal/metal.00050,/Users/samuelturner/Documents/mert-music-retrieval/data/raw/gtzan/metal/metal.00050.wav,metal
hiphop/hiphop.00097,/Users/samuelturner/Documents/mert-music-retrieval/data/raw/gtzan/hiphop/hiphop.00097.wav,hiphop
disco/disco.00097,/Users/samuelturner/Documents/mert-music-retrieval/data/raw/gtzan/disco/disco.00097.wav,disco
jazz/jazz.00020,/Users/samuelturner/Documents/mert-music-retrieval/data/raw/gtzan/jazz/jazz.00020.wav,jazz
metal/metal.00067,/Users/samuelturner/Documents/mert-music-retrieval/data/raw/gtzan/metal/metal.00067.wav,metal
disco/disco.00026,/Users/samuelturner/Documents/mert-music-retrieval/data/raw/gtzan/disco/disco.00026.wav,disco
metal/metal.00003,/Users/samuelturner/Documents/mert-music-retrieval/data/raw/gtzan/metal/metal.00003.wav,metal
hiphop/hiphop.00096,/Users/samuelturner/Documents/mert-music-retrieval/data/raw/gtzan/hiphop/hiphop.00096.wav,hiphop
hiphop/hiphop.00054,/Users/samuelturner/Documents/mert-music-retrieval/data/raw/gtzan/hiphop/hiphop.00054.wav,hiphop
blues/blues.00020,/Users/samuelturner/Documents/mert-music-retrieval/data/raw/gtzan/blues/blues.00020.wav,blues
pop/pop.00062,/Users/samuelturner/Documents/mert-music-retrieval/data/raw/gtzan/pop/pop.00062.wav,pop
jazz/jazz.00004,/Users/samuelturner/Documents/mert-music-retrieval/data/raw/gtzan/jazz/jazz.00004.wav,jazz
jazz/jazz.00058,/Users/samuelturner/Documents/mert-music-retrieval/data/raw/gtzan/jazz/jazz.00058.wav,jazz
jazz/jazz.00091,/Users/samuelturner/Documents/mert-music-retrieval/data/raw/gtzan/jazz/jazz.00091.wav,jazz
classical/classical.00082,/Users/samuelturner/Documents/mert-music-retrieval/data/raw/gtzan/classical/classical.00082.wav,classical
reggae/reggae.00040,/Users/samuelturner/Documents/mert-music-retrieval/data/raw/gtzan/reggae/reggae.00040.wav,reggae
disco/disco.00093,/Users/samuelturner/Documents/mert-music-retrieval/data/raw/gtzan/disco/disco.00093.wav,disco
country/country.00043,/Users/samuelturner/Documents/mert-music-retrieval/data/raw/gtzan/country/country.00043.wav,country
pop/pop.00090,/Users/samuelturner/Documents/mert-music-retrieval/data/raw/gtzan/pop/pop.00090.wav,pop
jazz/jazz.00030,/Users/samuelturner/Documents/mert-music-retrieval/data/raw/gtzan/jazz/jazz.00030.wav,jazz
hiphop/hiphop.00002,/Users/samuelturner/Documents/mert-music-retrieval/data/raw/gtzan/hiphop/hiphop.00002.wav,hiphop
disco/disco.00099,/Users/samuelturner/Documents/mert-music-retrieval/data/raw/gtzan/disco/disco.00099.wav,disco
classical/classical.00018,/Users/samuelturner/Documents/mert-music-retrieval/data/raw/gtzan/classical/classical.00018.wav,classical
pop/pop.00097,/Users/samuelturner/Documents/mert-music-retrieval/data/raw/gtzan/pop/pop.00097.wav,pop
country/country.00018,/Users/samuelturner/Documents/mert-music-retrieval/data/raw/gtzan/country/country.00018.wav,country
jazz/jazz.00008,/Users/samuelturner/Documents/mert-music-retrieval/data/raw/gtzan/jazz/jazz.00008.wav,jazz
pop/pop.00061,/Users/samuelturner/Documents/mert-music-retrieval/data/raw/gtzan/pop/pop.00061.wav,pop
country/country.00015,/Users/samuelturner/Documents/mert-music-retrieval/data/raw/gtzan/country/country.00015.wav,country
disco/disco.00064,/Users/samuelturner/Documents/mert-music-retrieval/data/raw/gtzan/disco/disco.00064.wav,disco
jazz/jazz.00039,/Users/samuelturner/Documents/mert-music-retrieval/data/raw/gtzan/jazz/jazz.00039.wav,jazz
reggae/reggae.00028,/Users/samuelturner/Documents/mert-music-retrieval/data/raw/gtzan/reggae/reggae.00028.wav,reggae
metal/metal.00004,/Users/samuelturner/Documents/mert-music-retrieval/data/raw/gtzan/metal/metal.00004.wav,metal
jazz/jazz.00053,/Users/samuelturner/Documents/mert-music-retrieval/data/raw/gtzan/jazz/jazz.00053.wav,jazz
country/country.00080,/Users/samuelturner/Documents/mert-music-retrieval/data/raw/gtzan/country/country.00080.wav,country
rock/rock.00044,/Users/samuelturner/Documents/mert-music-retrieval/data/raw/gtzan/rock/rock.00044.wav,rock
pop/pop.00034,/Users/samuelturner/Documents/mert-music-retrieval/data/raw/gtzan/pop/pop.00034.wav,pop
metal/metal.00033,/Users/samuelturner/Documents/mert-music-retrieval/data/raw/gtzan/metal/metal.00033.wav,metal
rock/rock.00056,/Users/samuelturner/Documents/mert-music-retrieval/data/raw/gtzan/rock/rock.00056.wav,rock
pop/pop.00056,/Users/samuelturner/Documents/mert-music-retrieval/data/raw/gtzan/pop/pop.00056.wav,pop
country/country.00049,/Users/samuelturner/Documents/mert-music-retrieval/data/raw/gtzan/country/country.00049.wav,country
disco/disco.00035,/Users/samuelturner/Documents/mert-music-retrieval/data/raw/gtzan/disco/disco.00035.wav,disco
jazz/jazz.00047,/Users/samuelturner/Documents/mert-music-retrieval/data/raw/gtzan/jazz/jazz.00047.wav,jazz
reggae/reggae.00085,/Users/samuelturner/Documents/mert-music-retrieval/data/raw/gtzan/reggae/reggae.00085.wav,reggae
classical/classical.00021,/Users/samuelturner/Documents/mert-music-retrieval/data/raw/gtzan/classical/classical.00021.wav,classical
country/country.00027,/Users/samuelturner/Documents/mert-music-retrieval/data/raw/gtzan/country/country.00027.wav,country
pop/pop.00095,/Users/samuelturner/Documents/mert-music-retrieval/data/raw/gtzan/pop/pop.00095.wav,pop
metal/metal.00042,/Users/samuelturner/Documents/mert-music-retrieval/data/raw/gtzan/metal/metal.00042.wav,metal
blues/blues.00012,/Users/samuelturner/Documents/mert-music-retrieval/data/raw/gtzan/blues/blues.00012.wav,blues
jazz/jazz.00026,/Users/samuelturner/Documents/mert-music-retrieval/data/raw/gtzan/jazz/jazz.00026.wav,jazz
metal/metal.00094,/Users/samuelturner/Documents/mert-music-retrieval/data/raw/gtzan/metal/metal.00094.wav,metal
rock/rock.00023,/Users/samuelturner/Documents/mert-music-retrieval/data/raw/gtzan/rock/rock.00023.wav,rock
reggae/reggae.00082,/Users/samuelturner/Documents/mert-music-retrieval/data/raw/gtzan/reggae/reggae.00082.wav,reggae
metal/metal.00017,/Users/samuelturner/Documents/mert-music-retrieval/data/raw/gtzan/metal/metal.00017.wav,metal
metal/metal.00081,/Users/samuelturner/Documents/mert-music-retrieval/data/raw/gtzan/metal/metal.00081.wav,metal
disco/disco.00041,/Users/samuelturner/Documents/mert-music-retrieval/data/raw/gtzan/disco/disco.00041.wav,disco
country/country.00052,/Users/samuelturner/Documents/mert-music-retrieval/data/raw/gtzan/country/country.00052.wav,country
metal/metal.00074,/Users/samuelturner/Documents/mert-music-retrieval/data/raw/gtzan/metal/metal.00074.wav,metal
reggae/reggae.00065,/Users/samuelturner/Documents/mert-music-retrieval/data/raw/gtzan/reggae/reggae.00065.wav,reggae
reggae/reggae.00029,/Users/samuelturner/Documents/mert-music-retrieval/data/raw/gtzan/reggae/reggae.00029.wav,reggae
classical/classical.00004,/Users/samuelturner/Documents/mert-music-retrieval/data/raw/gtzan/classical/classical.00004.wav,classical
blues/blues.00061,/Users/samuelturner/Documents/mert-music-retrieval/data/raw/gtzan/blues/blues.00061.wav,blues
classical/classical.00036,/Users/samuelturner/Documents/mert-music-retrieval/data/raw/gtzan/classical/classical.00036.wav,classical
reggae/reggae.00001,/Users/samuelturner/Documents/mert-music-retrieval/data/raw/gtzan/reggae/reggae.00001.wav,reggae
blues/blues.00003,/Users/samuelturner/Documents/mert-music-retrieval/data/raw/gtzan/blues/blues.00003.wav,blues
reggae/reggae.00073,/Users/samuelturner/Documents/mert-music-retrieval/data/raw/gtzan/reggae/reggae.00073.wav,reggae
country/country.00061,/Users/samuelturner/Documents/mert-music-retrieval/data/raw/gtzan/country/country.00061.wav,country
reggae/reggae.00010,/Users/samuelturner/Documents/mert-music-retrieval/data/raw/gtzan/reggae/reggae.00010.wav,reggae
country/country.00095,/Users/samuelturner/Documents/mert-music-retrieval/data/raw/gtzan/country/country.00095.wav,country
blues/blues.00097,/Users/samuelturner/Documents/mert-music-retrieval/data/raw/gtzan/blues/blues.00097.wav,blues
pop/pop.00055,/Users/samuelturner/Documents/mert-music-retrieval/data/raw/gtzan/pop/pop.00055.wav,pop
rock/rock.00015,/Users/samuelturner/Documents/mert-music-retrieval/data/raw/gtzan/rock/rock.00015.wav,rock
classical/classical.00043,/Users/samuelturner/Documents/mert-music-retrieval/data/raw/gtzan/classical/classical.00043.wav,classical
jazz/jazz.00006,/Users/samuelturner/Documents/mert-music-retrieval/data/raw/gtzan/jazz/jazz.00006.wav,jazz
classical/classical.00042,/Users/samuelturner/Documents/mert-music-retrieval/data/raw/gtzan/classical/classical.00042.wav,classical
metal/metal.00001,/Users/samuelturner/Documents/mert-music-retrieval/data/raw/gtzan/metal/metal.00001.wav,metal
country/country.00005,/Users/samuelturner/Documents/mert-music-retrieval/data/raw/gtzan/country/country.00005.wav,country
reggae/reggae.00062,/Users/samuelturner/Documents/mert-music-retrieval/data/raw/gtzan/reggae/reggae.00062.wav,reggae
blues/blues.00009,/Users/samuelturner/Documents/mert-music-retrieval/data/raw/gtzan/blues/blues.00009.wav,blues
reggae/reggae.00005,/Users/samuelturner/Documents/mert-music-retrieval/data/raw/gtzan/reggae/reggae.00005.wav,reggae
pop/pop.00038,/Users/samuelturner/Documents/mert-music-retrieval/data/raw/gtzan/pop/pop.00038.wav,pop
hiphop/hiphop.00030,/Users/samuelturner/Documents/mert-music-retrieval/data/raw/gtzan/hiphop/hiphop.00030.wav,hiphop
hiphop/hiphop.00046,/Users/samuelturner/Documents/mert-music-retrieval/data/raw/gtzan/hiphop/hiphop.00046.wav,hiphop
classical/classical.00024,/Users/samuelturner/Documents/mert-music-retrieval/data/raw/gtzan/classical/classical.00024.wav,classical
reggae/reggae.00018,/Users/samuelturner/Documents/mert-music-retrieval/data/raw/gtzan/reggae/reggae.00018.wav,reggae
disco/disco.00057,/Users/samuelturner/Documents/mert-music-retrieval/data/raw/gtzan/disco/disco.00057.wav,disco
rock/rock.00086,/Users/samuelturner/Documents/mert-music-retrieval/data/raw/gtzan/rock/rock.00086.wav,rock
metal/metal.00082,/Users/samuelturner/Documents/mert-music-retrieval/data/raw/gtzan/metal/metal.00082.wav,metal
blues/blues.00088,/Users/samuelturner/Documents/mert-music-retrieval/data/raw/gtzan/blues/blues.00088.wav,blues
reggae/reggae.00002,/Users/samuelturner/Documents/mert-music-retrieval/data/raw/gtzan/reggae/reggae.00002.wav,reggae
rock/rock.00064,/Users/samuelturner/Documents/mert-music-retrieval/data/raw/gtzan/rock/rock.00064.wav,rock
blues/blues.00054,/Users/samuelturner/Documents/mert-music-retrieval/data/raw/gtzan/blues/blues.00054.wav,blues
metal/metal.00016,/Users/samuelturner/Documents/mert-music-retrieval/data/raw/gtzan/metal/metal.00016.wav,metal
jazz/jazz.00016,/Users/samuelturner/Documents/mert-music-retrieval/data/raw/gtzan/jazz/jazz.00016.wav,jazz
disco/disco.00048,/Users/samuelturner/Documents/mert-music-retrieval/data/raw/gtzan/disco/disco.00048.wav,disco
rock/rock.00088,/Users/samuelturner/Documents/mert-music-retrieval/data/raw/gtzan/rock/rock.00088.wav,rock
pop/pop.00040,/Users/samuelturner/Documents/mert-music-retrieval/data/raw/gtzan/pop/pop.00040.wav,pop
blues/blues.00070,/Users/samuelturner/Documents/mert-music-retrieval/data/raw/gtzan/blues/blues.00070.wav,blues
metal/metal.00061,/Users/samuelturner/Documents/mert-music-retrieval/data/raw/gtzan/metal/metal.00061.wav,metal
rock/rock.00068,/Users/samuelturner/Documents/mert-music-retrieval/data/raw/gtzan/rock/rock.00068.wav,rock
reggae/reggae.00032,/Users/samuelturner/Documents/mert-music-retrieval/data/raw/gtzan/reggae/reggae.00032.wav,reggae
hiphop/hiphop.00086,/Users/samuelturner/Documents/mert-music-retrieval/data/raw/gtzan/hiphop/hiphop.00086.wav,hiphop
hiphop/hiphop.00015,/Users/samuelturner/Documents/mert-music-retrieval/data/raw/gtzan/hiphop/hiphop.00015.wav,hiphop
pop/pop.00029,/Users/samuelturner/Documents/mert-music-retrieval/data/raw/gtzan/pop/pop.00029.wav,pop
reggae/reggae.00078,/Users/samuelturner/Documents/mert-music-retrieval/data/raw/gtzan/reggae/reggae.00078.wav,reggae
blues/blues.00090,/Users/samuelturner/Documents/mert-music-retrieval/data/raw/gtzan/blues/blues.00090.wav,blues
metal/metal.00076,/Users/samuelturner/Documents/mert-music-retrieval/data/raw/gtzan/metal/metal.00076.wav,metal
classical/classical.00032,/Users/samuelturner/Documents/mert-music-retrieval/data/raw/gtzan/classical/classical.00032.wav,classical
hiphop/hiphop.00048,/Users/samuelturner/Documents/mert-music-retrieval/data/raw/gtzan/hiphop/hiphop.00048.wav,hiphop
disco/disco.00013,/Users/samuelturner/Documents/mert-music-retrieval/data/raw/gtzan/disco/disco.00013.wav,disco
jazz/jazz.00090,/Users/samuelturner/Documents/mert-music-retrieval/data/raw/gtzan/jazz/jazz.00090.wav,jazz
blues/blues.00078,/Users/samuelturner/Documents/mert-music-retrieval/data/raw/gtzan/blues/blues.00078.wav,blues
blues/blues.00060,/Users/samuelturner/Documents/mert-music-retrieval/data/raw/gtzan/blues/blues.00060.wav,blues
metal/metal.00044,/Users/samuelturner/Documents/mert-music-retrieval/data/raw/gtzan/metal/metal.00044.wav,metal
pop/pop.00077,/Users/samuelturner/Documents/mert-music-retrieval/data/raw/gtzan/pop/pop.00077.wav,pop
metal/metal.00064,/Users/samuelturner/Documents/mert-music-retrieval/data/raw/gtzan/metal/metal.00064.wav,metal
rock/rock.00075,/Users/samuelturner/Documents/mert-music-retrieval/data/raw/gtzan/rock/rock.00075.wav,rock
hiphop/hiphop.00035,/Users/samuelturner/Documents/mert-music-retrieval/data/raw/gtzan/hiphop/hiphop.00035.wav,hiphop
country/country.00057,/Users/samuelturner/Documents/mert-music-retrieval/data/raw/gtzan/country/country.00057.wav,country
rock/rock.00089,/Users/samuelturner/Documents/mert-music-retrieval/data/raw/gtzan/rock/rock.00089.wav,rock
country/country.00091,/Users/samuelturner/Documents/mert-music-retrieval/data/raw/gtzan/country/country.00091.wav,country
disco/disco.00091,/Users/samuelturner/Documents/mert-music-retrieval/data/raw/gtzan/disco/disco.00091.wav,disco
reggae/reggae.00092,/Users/samuelturner/Documents/mert-music-retrieval/data/raw/gtzan/reggae/reggae.00092.wav,reggae
hiphop/hiphop.00070,/Users/samuelturner/Documents/mert-music-retrieval/data/raw/gtzan/hiphop/hiphop.00070.wav,hiphop
disco/disco.00094,/Users/samuelturner/Documents/mert-music-retrieval/data/raw/gtzan/disco/disco.00094.wav,disco
reggae/reggae.00031,/Users/samuelturner/Documents/mert-music-retrieval/data/raw/gtzan/reggae/reggae.00031.wav,reggae
country/country.00033,/Users/samuelturner/Documents/mert-music-retrieval/data/raw/gtzan/country/country.00033.wav,country
reggae/reggae.00060,/Users/samuelturner/Documents/mert-music-retrieval/data/raw/gtzan/reggae/reggae.00060.wav,reggae
metal/metal.00069,/Users/samuelturner/Documents/mert-music-retrieval/data/raw/gtzan/metal/metal.00069.wav,metal
classical/classical.00046,/Users/samuelturner/Documents/mert-music-retrieval/data/raw/gtzan/classical/classical.00046.wav,classical
jazz/jazz.00049,/Users/samuelturner/Documents/mert-music-retrieval/data/raw/gtzan/jazz/jazz.00049.wav,jazz
metal/metal.00063,/Users/samuelturner/Documents/mert-music-retrieval/data/raw/gtzan/metal/metal.00063.wav,metal
pop/pop.00010,/Users/samuelturner/Documents/mert-music-retrieval/data/raw/gtzan/pop/pop.00010.wav,pop
classical/classical.00028,/Users/samuelturner/Documents/mert-music-retrieval/data/raw/gtzan/classical/classical.00028.wav,classical
metal/metal.00089,/Users/samuelturner/Documents/mert-music-retrieval/data/raw/gtzan/metal/metal.00089.wav,metal
blues/blues.00016,/Users/samuelturner/Documents/mert-music-retrieval/data/raw/gtzan/blues/blues.00016.wav,blues
jazz/jazz.00060,/Users/samuelturner/Documents/mert-music-retrieval/data/raw/gtzan/jazz/jazz.00060.wav,jazz
pop/pop.00026,/Users/samuelturner/Documents/mert-music-retrieval/data/raw/gtzan/pop/pop.00026.wav,pop
blues/blues.00022,/Users/samuelturner/Documents/mert-music-retrieval/data/raw/gtzan/blues/blues.00022.wav,blues
disco/disco.00049,/Users/samuelturner/Documents/mert-music-retrieval/data/raw/gtzan/disco/disco.00049.wav,disco
reggae/reggae.00022,/Users/samuelturner/Documents/mert-music-retrieval/data/raw/gtzan/reggae/reggae.00022.wav,reggae
disco/disco.00079,/Users/samuelturner/Documents/mert-music-retrieval/data/raw/gtzan/disco/disco.00079.wav,disco
pop/pop.00027,/Users/samuelturner/Documents/mert-music-retrieval/data/raw/gtzan/pop/pop.00027.wav,pop
hiphop/hiphop.00089,/Users/samuelturner/Documents/mert-music-retrieval/data/raw/gtzan/hiphop/hiphop.00089.wav,hiphop
pop/pop.00088,/Users/samuelturner/Documents/mert-music-retrieval/data/raw/gtzan/pop/pop.00088.wav,pop
pop/pop.00012,/Users/samuelturner/Documents/mert-music-retrieval/data/raw/gtzan/pop/pop.00012.wav,pop
reggae/reggae.00020,/Users/samuelturner/Documents/mert-music-retrieval/data/raw/gtzan/reggae/reggae.00020.wav,reggae
